0,1,2,3,4,5,6,7,8,9,10,11,12,13,14,15,16,17,18,19,20,21,22,23,label
0.37746456,0.00067668024,6.151639e-05,0.0,0.5909264,0.03832471,0.00043061472,0.0,0.3783258,0.02196135,0.042815406,0.034326144,0.04853643,0.24151334,0.23031735,0.010088688,0.37248173,0.00664377,0.0146409,0.035494957,0.05345774,0.1648024,0.25498542,0.10537757,adonis
0.4721718,0.006144999,0.0037863126,0.002482828,0.1760325,0.34517515,0.010303736,0.0008689898,0.5379047,0.123520695,0.13624519,0.2027229,0.013531413,0.0009310605,6.20707e-05,0.0020483332,0.4550403,0.026255906,0.07237443,0.087581754,0.0815609,0.11762398,0.1410867,0.03544237,adonis
0.4701322,0.032182533,0.022539392,0.013767619,0.40042275,0.011095422,0.0012199156,0.00040663852,0.5204392,0.04926135,0.187228,0.17578402,0.01336098,0.0006970946,0.00023236487,0.00476348,0.46077952,0.0070871282,0.016033176,0.031601623,0.041767586,0.05634848,0.19756822,0.14058074,adonis
0.5261955,0.026744582,0.001804849,0.001804849,0.32038805,0.017501567,0.00076569355,0.0008750783,0.53336024,0.019306416,0.021986343,0.050098233,0.1164948,0.11966696,0.0237365,0.011430711,0.50814706,0.0046488536,0.0137824835,0.021165958,0.03079182,0.05026231,0.1833836,0.083898135,adonis
0.45657954,0.00324359,0.0012384617,0.00064871804,0.44855902,0.05172052,0.0030076925,0.0012384617,0.49237698,0.03591539,0.044938467,0.20540771,0.1552795,0.027364105,0.0011794873,0.0037743594,0.4419539,0.007253847,0.019520516,0.048476927,0.09447693,0.24197182,0.09435898,0.018223079,adonis
0.46947983,0.010250651,0.00882695,0.008485261,0.41486663,0.008770001,0.0064920792,0.0058656503,0.51287425,0.04083176,0.04145819,0.27033246,0.06292761,0.0017084419,5.694806e-05,0.002847403,0.446245,0.012186885,0.025398836,0.036218967,0.056948062,0.15797393,0.18428393,0.013781431,adonis
0.4133185,0.002187192,0.0018834153,0.0024909684,0.5660574,0.008566502,0.000729064,0.000182266,0.43749914,0.05255336,0.026732346,0.07916419,0.18542527,0.13372248,0.06288177,0.01743678,0.39624625,0.006743842,0.017072247,0.032564856,0.049758617,0.094170764,0.2285008,0.17035794,adonis
0.4478137,0.006882076,0.018252462,0.022082487,0.48132643,0.003411116,0.0006582856,5.984414e-05,0.4750428,0.041711364,0.021484047,0.033811938,0.13393119,0.21316482,0.05595427,0.0053859726,0.44158992,0.009455374,0.019688722,0.037103366,0.06906014,0.20849699,0.1576893,0.03740259,adonis
0.6574193,0.028031513,0.009222938,0.020414818,0.044145748,0.021813802,0.015233392,0.052643288,0.60161537,0.14513174,0.06570048,0.018394062,0.0066840393,0.004248769,0.0023316417,0.004818726,0.35057527,0.018394062,0.029378684,0.058809184,0.109587155,0.15305932,0.09616727,0.03295387,adonis
0.48748764,0.020860044,0.0063739023,0.0026075055,0.35073847,0.06906992,0.0070112925,0.005215011,0.52445626,0.026712446,0.025785333,0.068316646,0.24852425,0.05151272,0.0011009468,0.002955173,0.4728856,0.011183301,0.016340367,0.019469375,0.033723738,0.07503821,0.21462667,0.1060965,adonis
0.5669807,0.0466117,0.0026933646,0.002198665,0.12636827,0.14934433,0.003243031,0.0031330977,0.55972517,0.23844522,0.06475069,0.017369453,0.010718492,0.0029132313,0.0006595995,0.005991362,0.47100902,0.012422457,0.024954848,0.04040047,0.05051433,0.09349823,0.15918335,0.048590496,adonis
0.4767379,0.028033162,0.016483268,0.009576546,0.4043624,0.013349125,0.0017992299,0.00058039674,0.52682614,0.03888658,0.10133727,0.1798069,0.06970565,0.024144504,0.0063263243,0.0038886582,0.4619958,0.0077773165,0.019211132,0.029368075,0.03238614,0.054325134,0.2059828,0.13987562,adonis
0.53489274,0.003800851,0.0035440368,0.0052903737,0.28352293,0.009245313,0.0010272571,0.0002054514,0.55492425,0.018952891,0.016795652,0.015768396,0.027890028,0.06723397,0.10965969,0.030304082,0.53057826,0.0057526394,0.007550339,0.011197101,0.023729637,0.062046323,0.10293116,0.097743504,adonis
0.45647725,0.022486564,0.018450513,0.006803627,0.39893472,0.03903437,0.0019027092,0.00057657855,0.51707566,0.038457792,0.10251567,0.24199003,0.038803738,0.0039207344,0.00046126285,0.0014414464,0.43825737,0.0020756829,0.0071495743,0.022774853,0.032576688,0.045837995,0.107416585,0.2885776,adonis
0.4555453,0.055728756,0.03379487,0.016927237,0.4065517,0.006437118,0.001072853,0.00047682357,0.5284993,0.16855714,0.18500754,0.06967584,0.017046442,0.0025033238,0.00071523536,0.004529824,0.44028696,0.014006692,0.024794826,0.028013384,0.03939755,0.06443079,0.121530406,0.24407406,adonis
0.5737714,0.14352556,0.023709562,0.010310902,0.05943932,0.07967515,0.006837176,0.0061203754,0.60679936,0.15240286,0.09847739,0.025584271,0.01003521,0.005844683,0.001819571,0.0024260948,0.411995,0.031098124,0.16475388,0.18675415,0.06434665,0.022606792,0.009097856,0.012736998,adonis
0.49061155,0.039100308,0.002358993,0.0021820685,0.4071622,0.022528382,0.0013564209,0.0009435972,0.4984552,0.022587357,0.027364317,0.065756924,0.14731911,0.15380634,0.032200254,0.018753994,0.4673165,0.008610324,0.01651295,0.030607933,0.038687482,0.06422358,0.23135823,0.1089265,adonis
0.501146,0.018331988,0.013278596,0.015321457,0.32782543,0.0038169243,0.00086015195,0.00021503799,0.54463744,0.033384647,0.0407497,0.101282895,0.15450479,0.0032255698,0.00026879748,0.0027417343,0.49087796,0.003548127,0.008870317,0.015751533,0.018869583,0.03214818,0.065640345,0.24508955,adonis
0.44708446,0.029338608,0.0077837124,0.0054485984,0.44953933,0.031673722,0.0058677215,0.0042511043,0.5060012,0.17351691,0.24351044,0.038559314,0.014609429,0.0022153642,0.00023949884,0.0023351137,0.41445273,0.005029476,0.009340455,0.02718312,0.065263435,0.121306166,0.17160092,0.16681094,adonis
0.518625,0.041067995,0.02580906,0.02306722,0.1632587,0.19741249,0.004529997,0.0028014453,0.5756672,0.04422707,0.06419482,0.11354794,0.10371308,0.038683787,0.026405113,0.010132887,0.50789607,0.015914593,0.02980261,0.093997434,0.12761478,0.09209006,0.06884403,0.04041234,adonis
0.50313705,0.023159293,0.022426762,0.0083396,0.31887698,0.039387703,0.005916608,0.0019722027,0.55199134,0.09055228,0.12413607,0.09015784,0.04778365,0.011720519,0.0012396702,0.005634865,0.4867396,0.0037190106,0.013410978,0.024004523,0.026089422,0.04451543,0.08987609,0.23486117,adonis
0.48257503,0.0139644295,0.0065959645,0.0047538485,0.39445058,0.03672348,0.0149152,0.019609625,0.51109815,0.03541617,0.04807329,0.11652871,0.15990758,0.07202081,0.020976357,0.00956712,0.46326253,0.008675774,0.015152892,0.026324436,0.029533284,0.047597907,0.13007718,0.25296417,adonis
0.5070723,0.023504112,0.0062200576,0.0023118798,0.3213513,0.03864142,0.0017063875,0.0010458505,0.545989,0.0346782,0.11361238,0.1891338,0.014751995,0.0003853133,0.0,0.0033026855,0.4950175,0.007320953,0.013706145,0.021467457,0.031430557,0.05240261,0.12473142,0.15577666,adonis
0.5032239,0.01478109,0.0047232807,0.0025005604,0.3659709,0.01478109,0.0028339685,0.0016114722,0.53539777,0.023171859,0.02822855,0.071182616,0.1250836,0.082796335,0.01783733,0.026728213,0.48377508,0.005945777,0.011835986,0.025839124,0.049455527,0.2107139,0.11841543,0.0044454406,adonis
0.555545,0.405708,0.0025905024,0.0,5.887505e-05,0.00052987545,0.00017662515,0.0,0.4469205,0.16349602,0.1561955,0.07901032,0.061347805,0.022902396,0.014365513,0.020370768,0.43985552,0.022078145,0.05793305,0.2010583,0.142772,0.07954019,0.016426139,0.0049455045,adonis
0.48790526,0.012928616,0.0023456984,0.002236596,0.3455268,0.037694827,0.0032730675,0.0018547382,0.5430564,0.08199034,0.1886378,0.07391677,0.004254988,0.00010910225,0.0,0.0018001872,0.46455738,0.0037094764,0.0051278058,0.012764963,0.013965088,0.025148068,0.10206515,0.2664277,adonis
0.6992174,0.056947894,0.0039011925,0.0032351352,0.01103752,0.0030924086,0.0008563593,0.001189388,0.5039199,0.057804257,0.05509245,0.052190345,0.054949723,0.033064984,0.015414468,0.007041177,0.47052187,0.0094199525,0.016936885,0.03344559,0.05699547,0.07868991,0.084065944,0.029401671,adonis
0.4628448,0.003005103,0.0031229502,0.007365449,0.46467143,0.018796625,0.004124651,0.0014730898,0.52518594,0.018560931,0.03729863,0.066347964,0.1014075,0.12645002,0.07671852,0.013434579,0.43043682,0.012256106,0.023687283,0.03665047,0.045076545,0.07795591,0.13729197,0.20204899,adonis
0.47580734,0.013814491,0.010077785,0.012738773,0.3893535,0.023779044,0.0011889521,0.0008492515,0.5209309,0.0276856,0.04648237,0.20200863,0.09885288,0.016701946,0.001472036,0.013474791,0.5020775,0.027968684,0.016079163,0.027968684,0.03572518,0.041273624,0.1218959,0.1546204,adonis
0.47333416,0.0021744927,0.010637383,0.021274766,0.42120513,0.033675253,0.00058770075,0.0,0.50107366,0.04102151,0.01616177,0.04707483,0.25476828,0.08592185,0.013164497,0.0037025146,0.46675193,0.00858043,0.021803698,0.0557728,0.08674463,0.1541539,0.11636475,0.052716758,adonis
0.47411126,0.009375765,0.01917495,0.01723931,0.4366082,0.029700004,0.003387373,0.0014517313,0.48505974,0.031817112,0.028550716,0.025163343,0.039438702,0.10603687,0.18285766,0.09212445,0.48530167,0.045306116,0.043249495,0.05117353,0.09339471,0.18418841,0.07470367,0.013730959,adonis
0.39118582,0.023336146,0.012921668,0.006814412,0.4673658,0.13583823,0.008614445,0.0072001335,0.45810848,0.046157997,0.31397724,0.19633222,0.029571977,0.005271526,0.0011571643,0.0027000501,0.3652139,0.01330739,0.02597191,0.051879533,0.07026559,0.22313985,0.25534758,0.048150893,adonis
0.4947713,0.014329352,0.016399752,0.0172715,0.3392733,0.00915335,0.0007627792,0.000708295,0.5433712,0.08859136,0.16034709,0.08690234,0.009698193,0.0008717477,0.00010896846,0.0027786957,0.47837153,0.0046856436,0.005067033,0.01972329,0.02680624,0.035741653,0.06222099,0.26005322,adonis
0.5011806,0.0018720414,0.000994522,0.001989044,0.29940963,0.14631173,0.0042705946,0.0024570543,0.53587186,0.03533478,0.056336746,0.21820982,0.10009571,0.009360207,0.0011700259,0.0021060465,0.48597023,0.005733127,0.0111152455,0.027788114,0.05341168,0.13981809,0.14373767,0.09091101,adonis
0.4889976,0.017928781,0.0121033415,0.007691843,0.38544053,0.012951707,0.0009614804,0.0005655767,0.5307937,0.029240316,0.023584548,0.08534552,0.21870852,0.03495264,0.0011311534,0.0028844413,0.48051396,0.006900036,0.020304203,0.033878043,0.053560115,0.108477615,0.10389644,0.11911045,adonis
0.5123953,0.01663838,0.01079547,0.0070114913,0.3554715,0.0060098497,0.0017250495,0.0016694027,0.5453382,0.023204697,0.040566485,0.07362066,0.10745389,0.08870093,0.02693303,0.005898556,0.49419886,0.004507387,0.009571242,0.03706074,0.06627528,0.12765366,0.13182716,0.040622134,adonis
0.5090059,0.014653201,0.003753276,0.0034447876,0.19074868,0.08174944,0.020154579,0.01886921,0.6875179,0.09779084,0.026632834,0.009511727,0.005912695,0.0029820548,0.004370253,0.0076607964,0.4031944,0.012082464,0.01681262,0.027095567,0.053317085,0.17234221,0.1287425,0.028792255,adonis
0.490386,0.0019730234,0.0019132348,0.0026904864,0.31670016,0.15748315,0.0052613956,0.0031687953,0.5247644,0.040536664,0.05769599,0.2368226,0.10600517,0.01016406,0.0010761946,0.0025111206,0.47657484,0.0052613956,0.012436027,0.027682116,0.058293875,0.1498302,0.15252069,0.09697709,adonis
0.67870414,0.093945846,0.005298109,0.0017478297,0.017369058,0.0014201116,0.004970391,0.09143334,0.47136784,0.12742771,0.1215834,0.07597598,0.057733,0.023049504,0.0073736566,0.010377739,0.4609901,0.04287645,0.11317197,0.15227966,0.086790666,0.029713105,0.006062784,0.0030040822,adonis
0.5080855,0.006405427,0.0021743192,0.00070518465,0.21261317,0.22959636,0.0029970347,0.00023506154,0.52183664,0.024152573,0.021684427,0.069225624,0.251222,0.05858909,0.009226166,0.00687555,0.5003285,0.0091674,0.017864676,0.030851828,0.04113577,0.10906856,0.15373024,0.10066511,adonis
0.65203035,0.036010284,0.0052482523,0.0037413281,0.080230705,0.045363605,0.011483799,0.01725168,0.55169004,0.1269973,0.09264984,0.035646543,0.019278234,0.01257502,0.0069630276,0.0055600293,0.45348015,0.04146639,0.10777104,0.08230922,0.06474576,0.04687053,0.026708927,0.028007999,adonis
0.4192056,0.024315156,0.011695898,0.011511226,0.5091409,0.031148024,0.0011080324,0.0004309015,0.47540748,0.03791933,0.038596462,0.094798334,0.19827625,0.11634341,0.0330563,0.014158193,0.40535522,0.01329639,0.018467208,0.02659278,0.053985804,0.24715279,0.19901495,0.044690643,adonis
0.5226484,0.026736405,0.013797703,0.010200636,0.30462322,0.0012885014,0.00032212536,0.0,0.55308926,0.025340527,0.031944096,0.096691296,0.13658115,0.028239656,0.0038118167,0.0039191917,0.5084749,0.0072478205,0.011059637,0.023837276,0.04160786,0.124286704,0.14012453,0.022978276,adonis
0.5275581,0.016913017,0.008803305,0.0053353366,0.29547095,0.015259063,0.0030944953,0.0017073078,0.56255794,0.02614315,0.019580686,0.031585194,0.082057476,0.080296814,0.045723837,0.026196504,0.513953,0.008536539,0.020167572,0.02534285,0.024329135,0.036653765,0.15413788,0.091020845,adonis
0.50035703,0.015601591,0.0034928937,0.0029689595,0.41501397,0.008033656,0.0036093234,0.0047154063,0.5042574,0.032658555,0.046571914,0.14012325,0.18360977,0.042438656,0.0013389426,0.0027943149,0.45075792,0.008150085,0.014611938,0.028991017,0.05047231,0.08854485,0.17767185,0.13459283,adonis
0.56573915,0.26318097,0.022586925,0.028050428,0.20614733,0.005330248,0.0003331405,0.0002665124,0.48711804,0.11586626,0.1408518,0.1809619,0.12219593,0.028450198,0.006529554,0.009661074,0.39370543,0.03431347,0.1394526,0.19075625,0.08708292,0.035912544,0.056967024,0.15344451,adonis
0.48637262,0.017894462,0.010414462,0.006501846,0.35869476,0.057078153,0.0032796923,0.0024741539,0.54402614,0.042348307,0.16824247,0.17957754,0.005063385,0.00034523077,5.7538462e-05,0.0030495385,0.45725816,0.011852923,0.014269538,0.034523077,0.048447385,0.089012,0.216172,0.071175076,adonis
0.49644804,0.0032251582,0.017200844,0.027328974,0.38068184,0.00164087,0.00050923554,0.0,0.52021235,0.029988313,0.026197338,0.029761987,0.123291574,0.16765165,0.026423665,0.003508067,0.48530146,0.0041870475,0.012617725,0.024782795,0.028743517,0.054997437,0.14728223,0.16912277,adonis
0.46923226,0.043672338,0.016193114,0.0053977044,0.43322712,0.030423425,0.004109616,0.0026988522,0.5086723,0.03330629,0.027663236,0.049806092,0.13064899,0.15953897,0.08219232,0.013126236,0.45187375,0.010120696,0.023185594,0.03858132,0.045757815,0.107340716,0.20063514,0.12745944,adonis
0.7157645,0.05826476,0.010484527,0.00829373,0.03776516,0.011840734,0.004746726,0.007459141,0.5116032,0.11266954,0.09091806,0.060246907,0.05398749,0.012518838,0.005946448,0.0067288755,0.360699,0.012831809,0.023368496,0.0588907,0.1769329,0.15502495,0.05716936,0.0097020995,adonis
0.701635,0.050230913,0.00943702,0.006291347,0.031456735,0.010036197,0.0034452614,0.005542377,0.5284232,0.09596801,0.0761952,0.050330777,0.04643613,0.009886403,0.00489327,0.005941828,0.40044922,0.012333037,0.01957308,0.050230913,0.14874542,0.12982145,0.04863311,0.0082886,adonis
0.61875373,0.029194597,0.003148437,0.0029194597,0.26292312,0.01368139,0.0027477269,0.0045223003,0.4931025,0.024615053,0.03841093,0.15169743,0.12450638,0.022668747,0.01992102,0.06296874,0.4637934,0.04556647,0.033258945,0.039670307,0.038754396,0.06468607,0.10407016,0.14809103,adonis
0.74870765,0.05008735,0.0038793143,0.0,0.00093299965,0.0005892629,0.00024552623,9.821049e-05,0.43212616,0.0786175,0.138575,0.0907956,0.045520563,0.010803154,0.002160631,0.0059417346,0.41150194,0.007365787,0.013258416,0.029610462,0.06437698,0.18375182,0.074639976,0.02003494,adonis
0.6873407,0.069208585,0.022211362,0.011509524,0.028622368,0.0049975566,0.0017163325,0.0014639307,0.5304982,0.07511479,0.09323724,0.061434608,0.040535737,0.0164566,0.003281224,0.0065119676,0.42741728,0.009490309,0.014942189,0.048764035,0.12953262,0.12090048,0.046088576,0.029934859,adonis
0.54676527,0.020337783,0.0020872988,0.0016056144,0.25261667,0.04543889,0.003906995,0.0041210772,0.56116223,0.025315188,0.023763094,0.04458256,0.10345509,0.09152003,0.017608238,0.009473125,0.5162051,0.018464565,0.021354672,0.028098254,0.029329224,0.040943168,0.08124409,0.14124055,adonis
0.51360315,0.0016192105,0.0021415364,0.0044920035,0.30738884,0.024862716,0.0016714431,0.0,0.55110615,0.022825645,0.017602386,0.01869927,0.055471018,0.12368679,0.06194786,0.0044397707,0.5020597,0.003499584,0.0045442358,0.012170196,0.013005917,0.02815337,0.051292412,0.24105343,adonis
0.49116522,0.012786321,0.007103512,0.004262107,0.38609007,0.023810972,0.004205279,0.0016480148,0.53645724,0.03739289,0.086435534,0.15559533,0.10552977,0.007899106,0.00022731238,0.0015343586,0.47337803,0.0066488874,0.007728621,0.013866056,0.04358715,0.1247945,0.15139005,0.109678224,adonis
0.50842965,0.021695824,0.0072505325,0.005354239,0.34512535,0.021751598,0.0031233062,0.0010596932,0.5556139,0.03937597,0.06943779,0.11790481,0.08828917,0.02933677,0.010373838,0.0034579462,0.48678958,0.010820026,0.021863144,0.031958114,0.03803741,0.07244955,0.18338269,0.06848964,adonis
0.57897335,0.057423364,0.01112008,0.010512426,0.2007691,0.09953383,0.013186106,0.024063125,0.5452485,0.18764375,0.15865862,0.052865956,0.023030112,0.013489934,0.0065019047,0.008142573,0.451852,0.043508075,0.0659913,0.08513242,0.09442953,0.10494196,0.08464629,0.065079816,adonis
0.6490197,0.05428914,0.030290555,0.010913509,0.113812305,0.029343976,0.0099112475,0.014699829,0.5441164,0.14220971,0.12288834,0.066539,0.028397396,0.0038976818,0.00061249285,0.003619276,0.40680662,0.011971451,0.055124357,0.15206528,0.15173118,0.09031486,0.027339453,0.016927075,adonis
0.46713078,0.030855482,0.0292656,0.014014512,0.41643122,0.006123989,0.00058884505,0.00035330706,0.519538,0.028971177,0.030502174,0.14043956,0.21492845,0.025143685,0.0018254197,0.0034153014,0.456826,0.021198422,0.03173875,0.049992945,0.08732572,0.18801823,0.109819606,0.01984408,adonis
0.59911144,0.078144975,0.008584775,0.0057035834,0.19580343,0.04433507,0.0130535625,0.018639546,0.54842603,0.13082962,0.1041933,0.10495769,0.050744254,0.012112765,0.004880386,0.007232379,0.4505831,0.013876759,0.053213846,0.12124525,0.13094722,0.08190816,0.073676184,0.03792589,adonis
0.51446426,0.017549885,0.0023266894,0.0009306757,0.15223196,0.37160552,0.013095937,0.016951595,0.44745559,0.11168109,0.24563192,0.25620174,0.02120611,0.002459643,0.0005318147,0.00398861,0.34262162,0.010636294,0.035631586,0.07378929,0.10091184,0.16193758,0.24270694,0.120921366,adonis
0.643305,0.02377531,0.0028264353,0.0014132176,0.005694436,0.0018288699,0.00087286974,0.0012885219,0.5450864,0.032005224,0.04701027,0.024149396,0.014090612,0.00835461,0.0037408702,0.0065673054,0.5279615,0.008936523,0.026352353,0.058690097,0.031631134,0.015711656,0.004281218,0.0074401754,adonis
0.47547778,0.0036646808,0.015880283,0.030480836,0.42318335,0.0040718676,0.00029084767,0.0,0.5011887,0.033331145,0.028503072,0.033156633,0.13204484,0.19120327,0.029957311,0.0036646808,0.46425107,0.0049444106,0.015298587,0.02617629,0.02989914,0.05735516,0.15763944,0.19748557,adonis
0.53096545,0.015102386,0.011808242,0.012010958,0.25724736,0.0023819199,0.0007601872,5.0679148e-05,0.56562996,0.029039152,0.032941446,0.086762704,0.1115448,0.0021285242,0.0003040749,0.0019764868,0.52047485,0.0031927864,0.007095081,0.012568428,0.016318686,0.027265381,0.059294604,0.18411735,adonis
0.5303349,0.0033739228,0.0016011837,0.0005718513,0.1988327,0.2019207,0.00028592566,0.0,0.5397704,0.013495691,0.016297761,0.0265339,0.10813708,0.13272668,0.08263251,0.017327094,0.51352245,0.008520585,0.025561754,0.038885888,0.033510488,0.059987202,0.18236338,0.07456941,adonis
0.52084196,0.0036926677,0.00093782035,0.0017584132,0.36352262,0.04835636,0.011664141,0.009554045,0.51808715,0.084227994,0.13117762,0.14823423,0.072505236,0.002051482,0.0,0.0040443502,0.46668285,0.0045132604,0.01553265,0.03200312,0.0634201,0.13615979,0.16036728,0.08164898,adonis
0.6506973,0.029068245,0.0068305237,0.00919296,0.05484962,0.038004417,0.019618496,0.03317683,0.5826488,0.16367579,0.062091,0.013969191,0.009449747,0.003851799,0.0022597222,0.0034922978,0.3942188,0.016434344,0.025832733,0.06563465,0.14616294,0.118378624,0.051716823,0.023059437,adonis
0.5343167,0.010602988,0.0075434195,0.004800358,0.29625064,0.0075961705,0.0016352867,0.0015297843,0.5598483,0.018251909,0.012396528,0.017988153,0.02764162,0.06942056,0.10022725,0.05850106,0.5154846,0.0076489216,0.018040905,0.035026785,0.035448797,0.056707524,0.13108669,0.064831205,adonis
0.48806056,0.0104382895,0.004288162,0.0028211593,0.39067414,0.019014614,0.0041188924,0.0050216634,0.5113069,0.019578844,0.0240927,0.19776326,0.16142674,0.00620655,0.0016362724,0.002426197,0.46639404,0.011736022,0.012356677,0.014387912,0.017998995,0.071713865,0.12537232,0.20447762,adonis
0.5871907,0.029738702,0.003915596,0.0030234347,0.11325489,0.046491504,0.01253982,0.015910206,0.6260988,0.112065345,0.043616764,0.011945046,0.0058486112,0.0034199508,0.004113854,0.0049564503,0.45138395,0.009516384,0.023592703,0.08197969,0.11573312,0.079253644,0.033604734,0.017000625,adonis
0.48331136,0.05651721,0.0051757866,0.0050568026,0.39431164,0.026176391,0.0018442457,0.0023201802,0.4961616,0.058480438,0.1501573,0.24272653,0.012790737,0.005354262,0.0007139016,0.008328851,0.45421988,0.0063656224,0.014040064,0.041287307,0.047712423,0.06050316,0.17246673,0.17811844,adonis
0.46245676,0.011838233,0.0028270409,0.0031215241,0.4317127,0.03127414,0.016255485,0.0054773916,0.49302414,0.037870567,0.1879982,0.15118779,0.057600956,0.019023629,0.00960016,0.008657812,0.43035805,0.006125255,0.01207382,0.019965976,0.02644461,0.04576272,0.13086843,0.29336438,adonis
0.4735833,0.028058533,0.006764636,0.005058771,0.41434863,0.027764417,0.004352896,0.0038234899,0.5135241,0.030352626,0.06917575,0.20670374,0.11541057,0.021470366,0.0023529169,0.0047646565,0.45752466,0.012529282,0.021823304,0.039234888,0.07752861,0.19358623,0.1455279,0.015999835,adonis
0.4988447,0.02851031,0.012112597,0.0059991633,0.38063264,0.007141861,0.0014855071,0.0013712373,0.5366109,0.030795706,0.048736062,0.081702895,0.15192167,0.07930323,0.0049136006,0.002113991,0.48627505,0.033709586,0.05164994,0.084273964,0.12546822,0.11621237,0.035309363,0.0031995538,adonis
0.431202,0.014395671,0.0067422763,0.0072282064,0.5241968,0.009293408,0.0012755658,0.0008503772,0.46819338,0.028001707,0.016339391,0.03893513,0.1548294,0.19698381,0.08503772,0.006863759,0.41802114,0.017857922,0.038388457,0.047803346,0.085888095,0.17857921,0.16436577,0.044280358,adonis
0.49345356,0.016511036,0.016014049,0.010381521,0.35341346,0.013805213,0.0009387545,0.00022088342,0.5440911,0.033077292,0.08890557,0.21884024,0.01678714,0.0006074294,0.00016566257,0.002264055,0.47992444,0.005853411,0.016897582,0.031531107,0.034623478,0.04318271,0.1437951,0.14893064,adonis
0.5557739,0.0074913576,0.0034394283,0.0029211582,0.19039355,0.00923463,0.0016019255,0.0010836555,0.5777297,0.020448107,0.042545255,0.074913576,0.051827002,0.0034865437,9.423091e-05,0.00089519366,0.5459739,0.004240391,0.0046644304,0.00881059,0.022474073,0.061627015,0.07142703,0.052722197,adonis
0.44881114,0.0020238168,0.004226206,0.0034523935,0.5088709,0.007380979,0.0004761922,0.0,0.47143027,0.0485716,0.0242858,0.07255978,0.16827442,0.116667084,0.058631163,0.014821482,0.43172774,0.008095267,0.014107194,0.028750103,0.045773976,0.085774116,0.20684598,0.15416722,adonis
0.4687901,0.04182604,0.010879606,0.011786239,0.45204762,0.0033847662,0.0006648648,0.0009066338,0.490912,0.046359207,0.08800392,0.15388598,0.1365995,0.053430952,0.014203929,0.006890417,0.44122845,0.005983783,0.011302701,0.02042948,0.038199503,0.104383774,0.2154162,0.153342,adonis
0.45151702,0.019316236,0.017764037,0.024720183,0.425877,0.0018971303,0.00057488796,0.00022995519,0.5084309,0.03575803,0.02621489,0.047543235,0.21012156,0.10129526,0.010750405,0.0017821527,0.43605253,0.0058638575,0.009658118,0.03788512,0.032826103,0.039207358,0.068699114,0.31170425,adonis
0.45639667,0.0039339154,0.0014986345,0.00031221553,0.17989859,0.335819,0.022916619,0.02229219,0.52127504,0.04246131,0.07387019,0.31777295,0.06494083,0.00031221553,0.0,0.0024352812,0.41050097,0.008554705,0.03459348,0.05426306,0.059945382,0.14730328,0.24315345,0.0647535,adonis
0.5972599,0.1053149,0.01916891,0.007758844,0.101435475,0.05950349,0.021736175,0.022534879,0.5931522,0.17194968,0.12339985,0.030807175,0.007987046,0.0016544594,0.00028525162,0.0054768315,0.39604336,0.009983807,0.03833782,0.10731166,0.17845342,0.11581216,0.052999754,0.035770554,adonis
0.59965616,0.0136092175,0.0010935978,0.0015188858,0.21355535,0.15000518,0.0074729184,0.008505761,0.5059105,0.047328483,0.047267728,0.053343274,0.089735776,0.18639767,0.046781685,0.01865192,0.4717052,0.09131542,0.048543595,0.0614845,0.07059782,0.070901595,0.09496075,0.08590819,adonis
0.53319645,0.024147684,0.0050075846,0.0028376312,0.13147691,0.20458764,0.0052301437,0.005118864,0.56257427,0.03889224,0.10326752,0.19390479,0.007400097,0.00055639824,0.00016691948,0.004840665,0.49447113,0.006676779,0.015579151,0.034107212,0.034607973,0.045346458,0.119069226,0.16174498,adonis
0.4709191,0.011474291,0.005559708,0.0062103122,0.44335714,0.024013206,0.0035487497,0.0039627706,0.49451828,0.035073478,0.045897163,0.19790195,0.16087666,0.026024165,0.0040219165,0.0047316663,0.44944915,0.013721833,0.033062518,0.049445912,0.05754889,0.14851518,0.18772887,0.029572915,adonis
0.524947,0.0019478551,0.0015468261,0.008536189,0.3558273,0.013233957,0.009223667,0.023374261,0.5247751,0.038727943,0.045774594,0.04371216,0.03987374,0.041821595,0.0722998,0.13165209,0.5101089,0.06066996,0.0802058,0.085132726,0.07356018,0.074476816,0.035118684,0.019363971,adonis
0.5563052,0.44527692,0.00036744072,0.0,0.00018372036,0.00073488144,0.00030620059,0.00018372036,0.3518245,0.013289106,0.02541465,0.034661908,0.0715897,0.15628478,0.27870378,0.0715897,0.3554989,0.013779027,0.013472826,0.029334018,0.029946418,0.14422049,0.30289364,0.114212826,clouded_sulphur
0.5537943,0.327127,0.00096958445,5.3865802e-05,0.0001615974,0.0003231948,0.000107731605,0.0,0.49357235,0.0016159741,0.00937265,0.1259921,0.166176,0.014543767,0.017398654,0.0538658,0.49621177,0.006733225,0.010019039,0.019337824,0.02924913,0.09889761,0.19364756,0.028441144,clouded_sulphur
0.73183525,0.20874885,0.0015034543,0.00023130066,0.0011565033,0.0026021323,0.00075172714,0.00057825167,0.37378186,0.029490834,0.06193075,0.06482201,0.093908064,0.12374585,0.15202236,0.04770576,0.35232872,0.012027634,0.10396964,0.053256977,0.032092966,0.034116846,0.08517647,0.27443823,clouded_sulphur
0.55302167,0.25294656,0.00073946564,0.0,9.859542e-05,0.00083806104,4.929771e-05,0.0,0.53483087,0.0014789313,0.006556595,0.012373725,0.023317816,0.030071603,0.08301734,0.11604681,0.53897184,0.0072960607,0.009267969,0.013458274,0.01010603,0.02494464,0.172049,0.03159983,clouded_sulphur
0.5441442,0.36750603,0.001512601,5.602226e-05,0.0004481781,0.00050420035,0.00039215584,0.0033053134,0.4602789,0.0020728237,0.007843116,0.012380919,0.022128792,0.040392052,0.08319306,0.28957906,0.46016684,0.0054901815,0.0154061215,0.06560207,0.16604999,0.089075394,0.1094675,0.006610627,clouded_sulphur
0.5364629,0.42981163,0.0003562959,0.0,0.0032066633,0.002731602,0.0003562959,0.0,0.3871155,0.022743555,0.09685311,0.20481077,0.16425242,0.06644919,0.019596275,0.011104556,0.37440762,0.009204311,0.03224478,0.042161684,0.036401566,0.04162724,0.056769814,0.38010836,clouded_sulphur
0.52355534,0.41968375,0.0026012233,5.9118713e-05,0.0006503058,0.0042565474,0.013715541,0.004079191,0.4691661,0.02063243,0.046467308,0.07726816,0.13437684,0.1424761,0.06763181,0.01058225,0.460653,0.0065030586,0.014129372,0.029441118,0.13892898,0.19012578,0.083830334,0.04498934,clouded_sulphur
0.5626799,0.26990426,0.0007678641,0.0,0.00016454232,0.0021938975,0.022981077,0.039928935,0.50541914,0.06861415,0.13832524,0.1490205,0.025174974,0.003510236,0.001371186,0.0071850144,0.4936818,0.0058686757,0.007239862,0.014753961,0.023913482,0.20825572,0.1347053,0.010201624,clouded_sulphur
0.5473612,0.42220092,0.00059289555,0.0,0.00017786867,0.0008893433,0.00011857911,5.9289556e-05,0.36148843,0.0009486329,0.004387427,0.022174293,0.0879857,0.2695896,0.20543832,0.019387685,0.3650458,0.005513929,0.0131029915,0.022115005,0.06456633,0.08952723,0.34204143,0.06948736,clouded_sulphur
0.43463737,0.5204534,0.0026908908,0.0,0.0002339905,0.00017549288,0.0002339905,0.0,0.38204798,0.002047417,0.018894734,0.11541582,0.37075797,0.0590826,0.0025738955,0.007604691,0.3800006,0.009008635,0.019596705,0.03819895,0.08716147,0.19257419,0.22000957,0.0118750185,clouded_sulphur
0.5340478,0.29307994,0.0,0.0,5.0496197e-05,5.0496197e-05,0.000100992394,0.0,0.49955887,0.008028896,0.0955388,0.19370341,0.023026265,0.0035347338,0.00045446577,0.0034842377,0.4980945,0.003332749,0.0036357262,0.009543781,0.005655574,0.007422941,0.010402217,0.2892422,clouded_sulphur
0.4981068,0.37368682,0.0016006003,0.0,0.000106706684,0.0006402401,0.0,0.0,0.4969864,0.00069359347,0.004321621,0.009710308,0.030784879,0.20935851,0.11321579,0.009070069,0.49671963,0.0024009005,0.0045350343,0.009603602,0.0128048025,0.030678172,0.09112751,0.22627153,clouded_sulphur
0.47065827,0.4368299,0.0009427584,0.0,5.5456378e-05,5.5456378e-05,5.5456378e-05,0.0,0.4539659,0.0039928593,0.037155773,0.2633069,0.13836366,0.0065438524,0.0006100201,0.004658336,0.45263496,0.0056565506,0.013143161,0.01929882,0.02279257,0.08329548,0.27861285,0.033162914,clouded_sulphur
0.47081742,0.46209225,0.00085540954,0.0,0.00017108192,0.00039919114,0.0,0.0,0.43557456,0.002224065,0.036497474,0.27675352,0.1411996,0.017678464,0.0066151675,0.01779252,0.43386373,0.0058738124,0.0087251775,0.017963601,0.013287362,0.03997614,0.19942448,0.21522105,clouded_sulphur
0.60848886,0.33031595,0.00046093276,5.7616595e-05,0.001555648,0.0012099484,0.00057616597,0.0013251817,0.43909606,0.11534842,0.2194616,0.13585994,0.028174516,0.0023622804,0.0012099484,0.0024775136,0.39052528,0.0013251817,0.0032265293,0.022931404,0.05738613,0.0791652,0.12894595,0.26048464,clouded_sulphur
0.514833,0.37312636,0.00081409386,0.0,0.00010854585,0.00010854585,0.0002170917,0.0,0.48237777,0.007272572,0.03212957,0.22365873,0.10767748,0.024748454,0.005047382,0.006295659,0.48134658,0.021654896,0.02653946,0.021003623,0.020243801,0.063010864,0.24884136,0.0065670237,clouded_sulphur
0.47084665,0.4800228,0.0021040814,5.8446705e-05,0.0010520407,0.0028638886,0.00064291374,0.0,0.37587076,0.017183332,0.069200896,0.34653053,0.12402391,0.015488377,0.0016949545,0.007598072,0.35857055,0.03606162,0.0931056,0.045529984,0.073935084,0.3458876,0.00011689341,0.004383503,clouded_sulphur
0.5134485,0.33847675,0.0016157652,0.0,0.000104242914,0.00031272875,0.0,0.0,0.5026072,0.0062024533,0.027155278,0.24580479,0.064943336,0.0021891012,0.00026060728,0.004795174,0.498229,0.0031794088,0.005316389,0.010632778,0.009798834,0.01464613,0.21234281,0.09981259,clouded_sulphur
0.51558155,0.324715,0.002573019,0.0,0.000102920756,0.00015438114,0.0,0.0,0.45815176,0.0009262868,0.015129351,0.10852994,0.19457169,0.03118499,0.002984702,0.031648133,0.58880967,0.12118919,0.056143273,0.043020874,0.023002788,0.007358834,0.0022127964,0.0013894303,clouded_sulphur
0.4583956,0.44917548,0.0014996585,0.0,0.00038880034,0.00049988617,5.5542907e-05,0.0,0.45911768,0.016551787,0.058542226,0.24677713,0.11558479,0.009109037,0.00016662871,0.004165718,0.45506305,0.0034436602,0.0034992031,0.0092756655,0.005943091,0.013774641,0.16446255,0.25455314,clouded_sulphur
0.4000126,0.52675545,0.0034778747,0.0010832724,0.0017674445,0.0005701434,0.00034208602,0.00011402868,0.39339894,0.01117481,0.027765984,0.26745427,0.22737318,0.0023946022,5.701434e-05,0.0045041326,0.3765227,0.0049602473,0.007582907,0.015849985,0.012657183,0.022235593,0.15057486,0.34373945,clouded_sulphur
0.62052965,0.28130677,0.00022063276,0.0,0.00022063276,0.0005515819,0.0005515819,0.00033094914,0.4114801,0.00044126553,0.0015995875,0.0042471807,0.027137829,0.18985449,0.23872465,0.030226689,0.41512054,0.0037507568,0.005405503,0.008494361,0.011252271,0.02868226,0.16299245,0.26801366,clouded_sulphur
0.5138841,0.3563504,0.00010626223,0.0,0.0,0.00010626223,5.3131116e-05,0.0,0.46766007,5.3131116e-05,0.0015408024,0.017267613,0.0414954,0.19228151,0.1420726,0.008129061,0.46930715,0.0024971624,0.0044098827,0.00998865,0.0071195695,0.0127514675,0.033897653,0.33052868,clouded_sulphur
0.4474958,0.49394166,0.00017309017,0.0,0.0010385411,0.002307869,0.00034618034,0.0,0.37808663,0.007269787,0.012635583,0.0369836,0.11112389,0.36170077,0.025501952,0.012000918,0.3732401,0.0040964675,0.0077890577,0.021059304,0.025444256,0.25115386,0.25219238,0.010327714,clouded_sulphur
0.4377226,0.47253254,0.0024026132,0.0016203669,0.0005587472,0.00039112306,0.00016762417,5.5874723e-05,0.43219098,0.004861101,0.018662158,0.09973638,0.27456838,0.06425593,0.008828206,0.012348314,0.42850325,0.00201149,0.008437083,0.013354059,0.015086175,0.05866846,0.34452355,0.044867404,clouded_sulphur
0.63361627,0.30576873,0.00051747245,0.0,0.00051747245,0.0006899633,0.0002874847,0.00063246634,0.35676852,0.0010349449,0.005979682,0.017824052,0.044100154,0.07681591,0.11551136,0.32399526,0.3576885,0.002932344,0.0054622097,0.016559118,0.03173831,0.077965856,0.31082848,0.13885511,clouded_sulphur
0.5424913,0.3769798,0.00033709072,0.0,0.00022472715,0.00016854536,0.00016854536,0.000112363574,0.44181356,0.012697084,0.030787619,0.07180032,0.29062837,0.065227054,0.002640544,0.0048878156,0.43917304,0.0035956344,0.0055619967,0.010618358,0.016124172,0.06994633,0.23624441,0.13921846,clouded_sulphur
0.48603976,0.3778429,0.0017979927,0.0,5.288214e-05,0.0006874678,0.0,0.0,0.48545805,0.0031729285,0.018350102,0.1122159,0.19963008,0.03929143,0.0020624034,0.0062400927,0.48403022,0.0023796964,0.0023796964,0.008302496,0.007615028,0.012797478,0.04124807,0.3076683,clouded_sulphur
0.45412967,0.48550045,0.00086183514,0.0,5.7455676e-05,0.00080437947,0.0,0.0,0.44867137,0.005860479,0.10313294,0.21183908,0.07113013,0.025567776,0.021028778,0.054123245,0.44976303,0.0064924913,0.011720958,0.08796464,0.27320173,0.0804954,0.02792346,0.0037920745,clouded_sulphur
0.5978295,0.34895563,0.00052065664,0.0,0.00011570147,0.00034710442,5.7850735e-05,0.0,0.4080791,0.00011570147,0.004628059,0.027247697,0.057619333,0.17436212,0.19865942,0.07711503,0.40802124,0.0026611339,0.005437969,0.015272594,0.019264296,0.07306548,0.28954294,0.13456081,clouded_sulphur
0.5436892,0.29128757,0.00056134607,0.0,5.103146e-05,0.0002551573,0.00015309438,0.00010206292,0.5150095,0.0105124805,0.029904436,0.10486965,0.16457646,0.00872638,0.00040825168,0.00209229,0.5090898,0.0023984786,0.0038273595,0.0062768697,0.005307272,0.016125942,0.06690224,0.22617143,clouded_sulphur
0.49099022,0.456392,0.0104789855,0.00052687636,0.00023416727,0.0002927091,0.00017562545,5.8541817e-05,0.4524697,0.0811975,0.20191072,0.12071323,0.042442817,0.032724876,0.020489635,0.0072006434,0.44093695,0.015981916,0.046306577,0.1892657,0.21449721,0.042618442,0.0056785564,0.0038637598,clouded_sulphur
0.56849426,0.27034083,0.00025610157,0.0,5.1220315e-05,0.0,0.0,5.1220315e-05,0.48700276,0.0022024736,0.03426639,0.15509512,0.1457218,0.008297691,0.0018439314,0.004763489,0.48597834,0.0043025063,0.0067610815,0.008553793,0.0064025396,0.013112401,0.026378462,0.2877045,clouded_sulphur
0.35402855,0.61142325,0.0021277175,0.000118206524,0.00035461958,0.0002955163,0.0,0.0,0.31496128,0.0017730979,0.0049055708,0.010697691,0.022695653,0.042731658,0.17151767,0.39906523,0.32146263,0.052661005,0.057389267,0.04822826,0.20863451,0.23227581,0.016194293,0.03150204,clouded_sulphur
0.5031579,0.36573562,0.0031491485,0.00021718266,0.000977322,0.0007601393,0.0029862616,0.012596594,0.455975,0.21142732,0.14339486,0.05923657,0.0111849075,0.0014116873,0.0007058437,0.0062440014,0.35487646,0.0040178793,0.009013081,0.012053638,0.011564977,0.032143034,0.45673513,0.009175967,clouded_sulphur
0.5287817,0.31457663,0.0011347247,0.0,0.00010315679,0.00020631358,0.00025789198,0.0,0.50381774,0.0029915469,0.05049525,0.24721524,0.03569225,0.0015989302,0.00015473519,0.0030947037,0.50129044,0.0035073308,0.005106261,0.009645159,0.0137714315,0.095987394,0.20414728,0.011605139,clouded_sulphur
0.52106726,0.3801102,0.00022041763,0.0,0.00011020881,0.001212297,0.00011020881,0.0,0.47472447,0.00044083525,0.0027552203,0.023474477,0.12740138,0.19980858,0.058741298,0.015484339,0.47913283,0.0036368908,0.0060063805,0.013720998,0.017247679,0.13340777,0.22273201,0.026946055,clouded_sulphur
0.5633778,0.24415344,0.0007912609,0.0,0.00024726902,0.00044508427,0.0007418071,0.00049453805,0.5304415,0.0036101278,0.0144899655,0.03219443,0.10869947,0.10612787,0.009594038,0.005093742,0.5308866,0.005637734,0.005341011,0.007714794,0.0089016855,0.020820053,0.052124314,0.17882496,clouded_sulphur
0.4836386,0.4007446,0.0005403783,0.0,0.0001621135,0.00027018916,0.0,0.0,0.45953774,0.000324227,0.0017292107,0.0067006918,0.037664372,0.21242273,0.14449717,0.022479739,0.46169928,0.0051335944,0.0073491456,0.0123206265,0.021669172,0.33303517,0.039285507,0.004863405,clouded_sulphur
0.75522685,0.026281226,0.00033448834,0.0,0.00043005642,0.00043005642,0.00014335214,4.7784048e-05,0.3837537,0.0019113619,0.002962611,0.005925222,0.01452635,0.014765271,0.050125465,0.30892387,0.3840404,0.0028192587,0.0072153914,0.03349662,0.1261021,0.07134158,0.055190574,0.10268792,clouded_sulphur
0.8179366,0.008585794,0.0003048211,5.0803515e-05,0.0024893722,0.001371695,0.0003048211,0.0013208914,0.3238216,0.0056391903,0.010821149,0.015495072,0.0361213,0.077830985,0.16541624,0.19721925,0.31879205,0.007925348,0.020118192,0.08311455,0.08829651,0.071023315,0.10374078,0.13935405,clouded_sulphur
0.40470102,0.5256146,0.0013701261,0.0,0.0008563289,0.002511898,0.00028544295,0.0,0.38312152,0.008163668,0.012445313,0.044300746,0.09368238,0.3223222,0.057602387,0.013701262,0.3792395,0.010447212,0.017526196,0.02671746,0.024833536,0.37455824,0.09419617,0.007821137,clouded_sulphur
0.4807344,0.4337722,0.00016752274,0.0,0.0,5.5840912e-05,0.00016752274,0.0,0.46068752,0.00061425,0.003238773,0.03668748,0.1311703,0.13586093,0.123408414,0.023229819,0.46130177,0.0046347957,0.0055840914,0.01044225,0.007650205,0.012955092,0.11257528,0.29975402,clouded_sulphur
0.46152562,0.46254706,0.0043695406,0.00034048368,0.00034048368,0.00017024184,0.0002837364,0.00017024184,0.43820247,0.020315526,0.06917493,0.28078553,0.11746687,0.00068096735,0.000113494556,0.0030076057,0.43201703,0.0034048366,0.005504486,0.012314159,0.011860181,0.034105115,0.24946104,0.18108056,clouded_sulphur
0.7378744,0.1945154,0.0011465689,5.7328445e-05,0.0016625249,0.0022931378,0.00074526976,0.00097458356,0.32780406,0.01622395,0.0445442,0.061685406,0.08352754,0.0949359,0.14303447,0.16751371,0.3158224,0.02545383,0.10078341,0.049245134,0.029065521,0.031415988,0.035944935,0.35153803,clouded_sulphur
0.4903095,0.43578663,0.00073603046,0.0,0.00016985319,0.0003963241,5.6617726e-05,0.00016985319,0.46143445,0.010304426,0.024911799,0.018061055,0.040141966,0.18429069,0.15026344,0.038216963,0.4554896,0.0030007395,0.0049823597,0.008436041,0.00945516,0.02836548,0.2213753,0.19652012,clouded_sulphur
0.5635946,0.17238356,0.0018487382,0.0,0.00013527353,0.00031563823,0.0003607294,0.00013527353,0.55994225,0.0042385706,0.014519359,0.04973557,0.099922046,0.0064931293,0.0005410941,0.003381838,0.56138515,0.003381838,0.0037425675,0.0076655,0.014834997,0.04103297,0.095367834,0.011362976,clouded_sulphur
0.56979966,0.28544816,0.00015666749,0.0,0.0,0.000104445,5.22225e-05,5.22225e-05,0.4962704,0.0005744475,0.0044389125,0.02193345,0.114889495,0.1940588,0.016397864,0.0070500374,0.49564373,0.0050133597,0.0057966975,0.0104967225,0.011958952,0.038122423,0.20267552,0.08590601,clouded_sulphur
0.48123494,0.42433253,0.0010516981,0.0,5.5352535e-05,0.00016605761,5.5352535e-05,0.0,0.4713822,0.16400956,0.23934436,0.022749892,0.005092433,0.0009409931,0.00033211522,0.0030443894,0.46158478,0.0066976566,0.008911758,0.015996883,0.045721196,0.20701848,0.15144454,0.009520636,clouded_sulphur
0.46402556,0.5304018,0.00054755865,6.083985e-05,0.00091259775,0.0007909181,6.083985e-05,0.0,0.40829626,0.0034070318,0.01222881,0.04800264,0.1502136,0.20959328,0.117846794,0.047211725,0.4092697,0.0054147467,0.01241133,0.043013774,0.05773702,0.09722208,0.19474836,0.17698313,clouded_sulphur
0.54187727,0.2919958,0.0005098582,0.0,0.00010197164,0.0008667589,0.0,0.0,0.5256128,0.011420824,0.012338568,0.020649256,0.11385133,0.13812058,0.009993221,0.003365064,0.5161804,0.0021923902,0.0065771705,0.020904185,0.021516016,0.05873566,0.20271961,0.0065261847,clouded_sulphur
0.468111,0.4249344,0.00060119334,0.0,0.00021861577,0.0013663486,0.00016396183,5.465394e-05,0.42947066,0.00049188547,0.0021861577,0.0044816234,0.0131716,0.014756564,0.023227924,0.40766376,0.43400696,0.0056840098,0.007268974,0.018746302,0.08137972,0.12832746,0.18943056,0.030606207,clouded_sulphur
0.76550716,0.008675242,0.00033183987,0.0,0.000616274,0.0013747652,0.00014221709,4.7405694e-05,0.41731232,0.0007584911,0.0017540107,0.009955196,0.04361324,0.077603124,0.11514843,0.110550076,0.42243215,0.008770053,0.031335164,0.07646538,0.048401214,0.11898829,0.06627316,0.004029484,clouded_sulphur
0.51415884,0.40701655,0.0024824962,0.0,5.642037e-05,0.00033852222,0.00028210186,5.642037e-05,0.4750031,0.004908572,0.010776291,0.022511728,0.04440283,0.14934471,0.11064035,0.10680376,0.47579297,0.005811298,0.008575896,0.012920264,0.015741283,0.059072126,0.22500443,0.12147305,clouded_sulphur
0.6294315,0.26523215,0.0019243625,5.4981785e-05,0.0003298907,0.00054981787,0.0019243625,0.0013745446,0.44568235,0.07147632,0.13756442,0.1575778,0.06746265,0.013745447,0.0024191986,0.004893379,0.44078898,0.004398543,0.005278251,0.007917377,0.010116649,0.031504564,0.14861576,0.25220144,clouded_sulphur
0.44088468,0.46406585,0.00011064994,0.0,5.532497e-05,0.00066389964,0.00027662487,0.00038727478,0.399059,0.005532497,0.045145176,0.352752,0.09466103,0.0033194982,0.00077454955,0.005200547,0.39839512,0.0029322235,0.0039280728,0.009903169,0.0061963964,0.025338836,0.3529733,0.10677719,clouded_sulphur
0.40796605,0.4973643,0.0006089045,0.0,0.00027677478,0.0006089045,0.000110709916,0.0,0.40204307,0.002657038,0.015277969,0.03127555,0.12643072,0.31186983,0.01317448,0.004206977,0.39910924,0.0016052938,0.0026016831,0.0061997552,0.005535496,0.025241861,0.37652442,0.09011787,clouded_sulphur
0.5914142,0.32356176,0.0003359354,5.598923e-05,0.00027994614,0.00044791383,0.00027994614,0.0009518169,0.46123928,0.019876176,0.08700726,0.150779,0.114497975,0.054197572,0.01965222,0.010078061,0.48744223,0.03790471,0.022171734,0.02749071,0.03476931,0.13437414,0.16080107,0.01237362,clouded_sulphur
0.5290571,0.35524952,0.004903836,0.001225959,0.0011702337,0.00133741,0.005405365,0.014655784,0.50710124,0.025800867,0.035552815,0.08648584,0.19509467,0.055000983,0.0019503895,0.006018345,0.48213628,0.0067985007,0.0124267675,0.019503895,0.02819706,0.09857826,0.19258703,0.07277739,clouded_sulphur
0.40909564,0.5698973,0.0006582873,0.0,5.98443e-05,0.0006582873,0.0001196886,0.0,0.37887427,0.0056852084,0.0792937,0.2504484,0.17444614,0.02908433,0.04715731,0.015499674,0.37660018,0.011250729,0.017773757,0.028725265,0.0189108,0.064033404,0.173728,0.2894669,clouded_sulphur
0.53513914,0.3701319,0.00022133766,0.0,0.0003320065,0.00027667207,0.00027667207,0.00022133766,0.47155988,0.015604305,0.021912428,0.07193474,0.25492564,0.06274923,0.0017707013,0.00614212,0.46829516,0.0068614674,0.013556931,0.088922404,0.19438979,0.11847098,0.009628188,0.0064741266,clouded_sulphur
0.5149252,0.37425393,5.4334196e-05,0.0,5.4334196e-05,0.00086934713,5.4334196e-05,0.0,0.49721223,0.0017386943,0.0023907046,0.003042715,0.010921174,0.06770041,0.20581794,0.10138761,0.49943992,0.0031513833,0.005324751,0.014235559,0.040207304,0.07297082,0.15088606,0.10399565,clouded_sulphur
0.7574084,0.019390263,0.00019010062,0.0,0.00028515092,0.0010455534,0.00028515092,4.7525155e-05,0.39327064,0.0007128773,0.0031841854,0.014162496,0.086828455,0.18867487,0.07832146,0.013497144,0.39659742,0.0052752923,0.008031751,0.0106456345,0.013354569,0.060594574,0.24185552,0.04229739,clouded_sulphur
0.5224421,0.32295388,0.00020672356,0.0,0.00041344712,0.0006201707,0.00010336178,0.0,0.49825546,0.015814353,0.05581536,0.22765432,0.04511742,0.0006201707,5.168089e-05,0.0034109387,0.48890123,0.0028941298,0.005116408,0.009664327,0.0081139,0.0162278,0.039794285,0.27602765,clouded_sulphur
0.5487116,0.29786316,0.00015516399,0.0,0.00015516399,0.00041377064,0.00010344266,0.0,0.5193856,0.0016033612,0.008016806,0.014792301,0.058134776,0.13059635,0.09175364,0.023119435,0.5189201,0.0019654105,0.0051204115,0.013033776,0.17088728,0.10747693,0.021154024,0.008844348,clouded_sulphur
0.4196091,0.51496184,0.00051387696,0.0,5.709744e-05,0.00011419488,0.00022838976,0.0,0.39625624,0.00028548721,0.0062807184,0.016786648,0.032888126,0.056298077,0.3368749,0.089814276,0.39814046,0.003368749,0.006166524,0.00936398,0.011362391,0.035514608,0.28251815,0.18904963,clouded_sulphur
0.50528616,0.43599868,0.0010943164,0.0,0.00023038239,0.00028797798,5.7595596e-05,0.0006911472,0.4615711,0.019812886,0.04509735,0.10551513,0.2068258,0.08840924,0.011346333,0.0050684125,0.45281658,0.0045500523,0.010424803,0.021598348,0.030525666,0.07205209,0.2184601,0.13321862,clouded_sulphur
0.4649273,0.45097443,0.0015689966,0.0,0.00011207118,0.00044828473,5.603559e-05,0.0,0.44576314,0.0020172813,0.007957054,0.020565063,0.057212338,0.12843357,0.18407692,0.07206177,0.44985372,0.005939773,0.006556164,0.009357944,0.008685516,0.013280435,0.09060955,0.333804,clouded_sulphur
0.5149302,0.3827154,0.00016451444,0.0,5.4838143e-05,0.00043870514,0.00016451444,0.0,0.47709185,0.001535468,0.0087192645,0.02363524,0.12453742,0.20498498,0.041512474,0.016451443,0.47780475,0.008883779,0.024457812,0.07046702,0.25082967,0.061034855,0.0007128959,0.004277375,clouded_sulphur
0.4897866,0.44504234,0.0007428801,0.0,0.00017143387,0.0002285785,0.00017143387,0.00011428925,0.4161843,0.0026286528,0.016629087,0.027543709,0.05840181,0.28349447,0.12234664,0.009028851,0.41698432,0.0047430038,0.009771731,0.021886392,0.039486937,0.12360383,0.31240967,0.0073716566,clouded_sulphur
0.39834487,0.4958965,0.000327721,0.0,0.0,0.00027310083,5.4620166e-05,0.0,0.34711117,0.00010924033,0.00021848067,0.0018024655,0.0077014435,0.009230808,0.026873121,0.50185007,0.3526824,0.004915815,0.008793847,0.06942223,0.17746092,0.24611847,0.027637804,0.007865304,clouded_sulphur
0.4957849,0.41073138,0.0011651167,5.548175e-05,0.0,0.00038837225,0.00027740875,0.00061029923,0.48052743,5.548175e-05,0.00049933576,0.0056591383,0.02191529,0.03489802,0.1507994,0.21465889,0.4870188,0.004604985,0.016256152,0.03484254,0.024689378,0.053428926,0.15762365,0.13054855,clouded_sulphur
0.54176086,0.32808998,0.0015965449,5.3218162e-05,0.0,0.00015965449,5.3218162e-05,0.00021287265,0.50972354,0.0040977984,0.015912231,0.087277785,0.13639815,0.050823346,0.038955696,0.028737808,0.51445997,0.0060668704,0.007556979,0.014581776,0.030653661,0.08493619,0.18317692,0.030494006,clouded_sulphur
0.5781262,0.0020189432,7.084011e-05,0.0,0.0,0.000106260166,0.0,0.0,0.57628435,0.00038962063,0.000637561,0.0006729811,0.00060214096,0.00017710029,7.084011e-05,0.0014876424,0.5776303,0.00092092145,0.00092092145,0.0005667209,0.00014168023,0.0,0.0,0.00014168023,clouded_sulphur
0.5008788,0.42684525,0.0022762045,0.0,0.00073976646,0.0011950074,0.00034143066,5.690511e-05,0.47703555,0.0036988324,0.01024292,0.01849416,0.02606254,0.056734398,0.13076794,0.209297,0.47658032,0.016559387,0.07693571,0.120809555,0.11102188,0.11722453,0.009560059,0.0036419271,clouded_sulphur
0.48105243,0.4077362,0.0035976726,5.451019e-05,0.00027255094,0.00027255094,0.00010902038,0.0,0.4803983,0.01695267,0.043444622,0.16641961,0.18179148,0.00092667324,0.00021804076,0.0029435502,0.47205824,0.0022349178,0.0033796318,0.0061596516,0.0057780803,0.018696995,0.26759052,0.11719691,clouded_sulphur
0.5151201,0.4013471,0.00050490967,0.0,0.0011781226,0.0008415161,0.0,0.00016830323,0.43899092,0.0073492406,0.012847146,0.012230034,0.038260933,0.30889252,0.093801,0.00678823,0.4328759,0.0023001442,0.0054979054,0.014586279,0.05525956,0.25655022,0.13391326,0.018176747,clouded_sulphur
0.58386284,0.17167255,0.00050996436,0.0,0.00041724357,0.00088084757,0.00069540594,0.0015298931,0.5474236,0.003616111,0.015716175,0.08553493,0.06759346,0.020259494,0.007834908,0.011590099,0.5510397,0.0061195726,0.006861339,0.011729181,0.012192785,0.027167194,0.103986375,0.040472627,clouded_sulphur
0.6001814,0.2942219,0.0019003694,0.0006148254,0.005421642,0.005533429,0.0021798355,0.0057011084,0.4681616,0.012128828,0.015370635,0.014252771,0.030517697,0.049800858,0.106029436,0.21949267,0.46698785,0.028281968,0.045049936,0.05259552,0.034821477,0.036330592,0.046335477,0.20535168,clouded_sulphur
0.40746963,0.5232118,0.0012002892,0.0,0.0011431326,0.0027435182,0.00062872295,5.715663e-05,0.38329238,0.008630651,0.013088868,0.043153256,0.09345109,0.32219192,0.05881417,0.013831904,0.37934855,0.010745446,0.017261302,0.027206557,0.025034605,0.3744331,0.09516579,0.007258892,clouded_sulphur
0.4552933,0.470298,0.0010191866,0.0,5.6621477e-05,0.0005662148,0.00011324295,0.00033972887,0.42018798,0.11528133,0.29669654,0.06811564,0.017835766,0.0043032323,0.0007360792,0.0045297183,0.40999612,0.0018118873,0.0045297183,0.009002815,0.009172679,0.024233991,0.30456692,0.16437215,clouded_sulphur
0.5892691,0.22742932,0.00064908474,0.0,9.985919e-05,0.00039943677,0.00019971839,0.0,0.5204162,9.985919e-05,0.0016476767,0.01987198,0.06390988,0.15583026,0.044686988,0.011583666,0.5223634,0.0034451422,0.005542185,0.009236976,0.010385356,0.06266164,0.12856871,0.07584306,clouded_sulphur
0.7157971,0.0867897,0.00025631924,0.0,0.00035884697,0.0033321504,0.008202216,0.025170552,0.4122639,0.0612603,0.12123901,0.17901337,0.06274696,0.0006151662,0.0,0.0027682479,0.40339524,0.0031783588,0.008304744,0.010457826,0.014661461,0.062849484,0.29322922,0.043830592,clouded_sulphur
0.46739137,0.4488997,0.0008405312,0.0,0.00016810624,0.00050431874,0.00028017708,0.0,0.42586914,0.0017931332,0.010702764,0.02039689,0.025720254,0.06965202,0.33542797,0.028522026,0.42480448,0.0046509393,0.005155258,0.010030339,0.013112287,0.033229,0.26925015,0.15785176,clouded_sulphur
0.5493949,0.2790272,0.00040512116,0.0,0.00010128029,0.0005570416,0.00015192044,5.0640145e-05,0.507161,0.0023800868,0.0068364195,0.034131456,0.24530086,0.028864883,0.0008102423,0.004203132,0.50726235,0.0032916095,0.005975537,0.010938271,0.0103305895,0.10862311,0.17729114,0.005975537,clouded_sulphur
0.59014964,0.26957974,0.0005262146,5.2621457e-05,0.0006314575,0.00047359313,0.000105242914,0.0006314575,0.49201062,0.0069460324,0.015365466,0.019259453,0.06546109,0.21301165,0.043465324,0.006630304,0.48553818,0.0056831175,0.010419048,0.017101973,0.034467053,0.03357249,0.07319645,0.20217164,clouded_sulphur
0.43716368,0.49709323,0.00391095,0.0001725419,0.00063265365,0.0020129888,0.0010352514,0.00028756983,0.43831396,0.009374777,0.018692039,0.024155866,0.11209472,0.23747517,0.091849804,0.010352514,0.4307221,0.0043135476,0.0063840505,0.013515783,0.023178129,0.26790005,0.181169,0.015126173,clouded_sulphur
0.55728215,0.346987,0.00044272665,0.0,0.00022136333,0.000332045,0.00038738584,0.0010514758,0.44820538,0.00060874916,0.0066962405,0.019756677,0.120698355,0.27980325,0.018871224,0.012064301,0.44920152,0.0043165847,0.0087991925,0.01532941,0.016878953,0.08981817,0.2384083,0.08395204,clouded_sulphur
0.49750996,0.44772428,0.0013299313,0.0,0.0001156462,0.0004625848,0.0002312924,0.0,0.4515984,0.0054353713,0.010061219,0.02573128,0.047299296,0.16352373,0.12478225,0.11894212,0.44922766,0.0048571406,0.007863942,0.013357136,0.01734693,0.06597616,0.2505475,0.13819721,clouded_sulphur
0.41342807,0.4868359,0.0009354821,0.0,5.502836e-05,0.00016508508,0.00011005672,5.502836e-05,0.4014869,0.0046774102,0.045398396,0.41353813,0.031091023,0.0013206806,0.00011005672,0.003962042,0.39658937,0.002311191,0.0045123254,0.013592005,0.020965805,0.1919389,0.24790275,0.02377225,clouded_sulphur
0.5153003,0.3374824,0.015180869,0.0,5.3079963e-05,0.0002653998,0.00069003954,0.00069003954,0.5121686,0.02685846,0.061944317,0.11518352,0.14368746,0.0060511157,0.00037155973,0.0033971176,0.5059582,0.0016454789,0.0036094375,0.005891876,0.0040340773,0.010775233,0.11279492,0.22495288,clouded_sulphur
0.5184985,0.41233844,0.0006834339,0.0,0.00051257544,0.00034171695,0.00034171695,0.00039866977,0.4458267,0.020389112,0.027337356,0.08241074,0.2793536,0.07102017,0.0017655375,0.0050118486,0.4425804,0.007745584,0.016060697,0.09881315,0.21858494,0.13190274,0.0118461875,0.0055813766,clouded_sulphur
0.56092453,0.14584486,0.0086502945,0.0030925923,0.006991948,0.0053784214,0.0018376274,0.0016135265,0.60341406,0.094525754,0.021199945,0.0071264086,0.0033166932,0.0014790659,0.00053784216,0.0027340308,0.53215,0.056204505,0.029581318,0.021692967,0.015552602,0.016000804,0.041055284,0.022096349,scarce_swallow
0.70776767,0.054518025,0.0046881633,0.0008216369,0.0045915004,0.008893011,0.0036732003,0.006911416,0.5126531,0.09255498,0.078925475,0.061284445,0.026050722,0.008893011,0.0037698634,0.007733053,0.43807745,0.017834354,0.030545559,0.04828325,0.04465838,0.048186585,0.06785754,0.0964215,scarce_swallow
0.6071419,0.1714076,0.006586798,0.0003519663,0.0023129215,0.015335675,0.0099556185,0.010709832,0.543084,0.095131464,0.08839382,0.040275004,0.023078933,0.011212641,0.006637079,0.015989326,0.5205079,0.05339832,0.03967163,0.034744103,0.02453708,0.022777248,0.039369944,0.08879607,scarce_swallow
0.6279226,0.053310975,0.0070951707,0.0018952853,0.016474403,0.051998854,0.019536018,0.017980913,0.5801517,0.10599019,0.06910502,0.014773506,0.009573621,0.003936362,0.00247845,0.0102053825,0.48130527,0.044855084,0.046798967,0.040432755,0.034844093,0.04247383,0.057247337,0.04825688,scarce_swallow
0.52497005,0.08640022,0.049960613,0.02464468,0.047946848,0.00987705,0.034425836,0.0073358677,0.6445974,0.05456351,0.027425596,0.020137675,0.018075962,0.008582486,0.0035001198,0.0086783795,0.5296688,0.036008082,0.033994313,0.032316174,0.033227164,0.036151923,0.048138633,0.03605603,scarce_swallow
0.5346082,0.1177494,0.016200248,0.01076566,0.07422094,0.08995537,0.0030537208,0.0014492234,0.6035498,0.10232552,0.054501154,0.03333214,0.023601638,0.010558628,0.0057968935,0.01433696,0.54004276,0.036023553,0.028725678,0.029605564,0.034160268,0.05429412,0.06531857,0.059832223,scarce_swallow
0.44380802,0.23886599,0.061736394,0.032888096,0.052361995,0.010721002,0.0056971507,0.0024860294,0.7095542,0.08804687,0.023617279,0.008027803,0.0067847883,0.003003952,0.002589614,0.006940165,0.44593152,0.051429734,0.047856066,0.039672885,0.037549403,0.0422625,0.11161236,0.072250225,scarce_swallow
0.5698627,0.2130559,0.008255298,0.0021750485,0.0067723105,0.0072172065,0.0015818535,0.0009886584,0.5899819,0.107368305,0.054079615,0.027435271,0.012753693,0.0052398895,0.0039546336,0.009095658,0.50184304,0.055216573,0.031241607,0.032230265,0.03465248,0.053535853,0.05378302,0.04740617,scarce_swallow
0.4113979,0.25943777,0.09532708,0.05350415,0.03144542,0.0023466733,0.00057363126,0.00036503805,0.72199315,0.092093885,0.023153843,0.007457206,0.005110533,0.0007300761,0.00036503805,0.0034939358,0.43215293,0.099186055,0.0596055,0.039632704,0.029568084,0.025552664,0.04802858,0.12067115,scarce_swallow
0.59470576,0.1652935,0.009404967,0.001608103,0.008186706,0.011792756,0.0038984315,0.0035085885,0.5767729,0.15111296,0.03308794,0.009697349,0.010087192,0.005409074,0.0031674756,0.009063854,0.4925181,0.044101007,0.038009707,0.05672218,0.095121734,0.058379013,0.010964339,0.002582711,scarce_swallow
0.547653,0.2333157,0.0781756,0.046021264,0.043659646,0.035424262,0.0048443438,0.0030277148,0.49521303,0.1473286,0.15822837,0.07314959,0.043054104,0.028702736,0.01719742,0.029247725,0.54928803,0.08550266,0.062068153,0.0634609,0.07545065,0.036272023,0.028944952,0.09113421,scarce_swallow
0.6488237,0.16785613,0.0011000402,0.0,5.0001825e-05,0.0005500201,0.00045001644,0.0004000146,0.4875178,0.039901458,0.07545275,0.055202015,0.049551807,0.044701632,0.037101354,0.029801087,0.5291693,0.0685525,0.06340232,0.06450235,0.049551807,0.023650864,0.011450418,0.008950327,scarce_swallow
0.5251603,0.22195962,0.024982467,0.006726049,0.00629366,0.0013452098,0.00052847527,0.00014412962,0.60260594,0.09752771,0.03459111,0.019697715,0.013404055,0.0068221353,0.0036032405,0.008887993,0.53755546,0.0431428,0.0353598,0.024598122,0.021187054,0.025510943,0.07134416,0.028441578,scarce_swallow
0.50632745,0.11488354,0.05849162,0.028045982,0.07473929,0.03169546,0.0032995273,0.0015997709,0.6617552,0.07333949,0.03309526,0.01584773,0.010898439,0.0064990693,0.004349377,0.013298095,0.50582755,0.048843004,0.04364375,0.031095546,0.026646184,0.02589629,0.03169546,0.105434895,scarce_swallow
0.6134981,0.14879793,0.0016898188,0.00023469706,0.0016428793,0.0017836976,0.0007510306,0.00065715174,0.592657,0.119883254,0.038584195,0.009387882,0.003895971,0.0015490005,0.0004224547,0.0026755463,0.45920825,0.01356549,0.030135103,0.03886583,0.025675857,0.02867998,0.03985156,0.13307323,scarce_swallow
0.5054497,0.2289309,0.02107101,0.0076344237,0.034863867,0.021427281,0.008245178,0.0062602274,0.6557461,0.09202025,0.043261733,0.018780682,0.0097211655,0.005140512,0.0019849502,0.007227254,0.4755228,0.10265755,0.05522233,0.034202218,0.04611192,0.05191408,0.0556295,0.0126222465,scarce_swallow
0.56616604,0.07699598,0.008645305,4.058829e-05,0.0053982423,0.0057635373,0.0019076496,8.117658e-05,0.5476172,0.028371215,0.03657005,0.009781778,0.01944179,0.0027194154,0.0006088243,0.019888261,0.6068761,0.045418296,0.010958838,0.0011770604,0.00020294145,0.0003247063,0.0,4.058829e-05,scarce_swallow
0.547762,0.19397861,0.015592986,0.0015873099,0.0021942225,0.0023342792,0.0007002838,0.00074696937,0.54626805,0.08608822,0.0508406,0.030625744,0.020961829,0.011718082,0.0072829514,0.011111169,0.5864176,0.029972145,0.026377356,0.030905858,0.07208254,0.018580863,9.337117e-05,0.00046685585,scarce_swallow
0.64260375,0.023777286,0.001192978,0.00041137173,0.0013986639,0.0019745843,0.00090501783,0.0017277612,0.540707,0.047225475,0.046032496,0.019992666,0.009626099,0.0044839517,0.0019745843,0.0039491686,0.5349067,0.028466923,0.020198353,0.016948516,0.010489979,0.011024762,0.022337485,0.029618764,scarce_swallow
0.62569875,0.14701349,0.028628405,0.0044317995,0.019204464,0.0058071855,0.0021394894,0.0016810274,0.49457863,0.028526526,0.06912588,0.08863599,0.07452555,0.032958325,0.020325148,0.025928574,0.55132604,0.07106161,0.061026387,0.05761339,0.054200396,0.027660541,0.009831463,0.0018847883,scarce_swallow
0.5101746,0.22208886,0.01618693,0.0072867214,0.03398735,0.04918537,0.0092645455,0.004580225,0.6304055,0.14974213,0.03898396,0.013480434,0.008848161,0.0034872168,0.0013012002,0.006506001,0.49180165,0.083068624,0.06308219,0.03632951,0.025451478,0.022640884,0.042783465,0.087596804,scarce_swallow
0.4623464,0.05697931,0.057472635,0.048938073,0.16926062,0.010063878,0.0025159696,0.0006906583,0.71019405,0.06112326,0.019091768,0.007843905,0.0045386115,0.0013813166,0.00049332733,0.0036012896,0.4623464,0.04731009,0.049036738,0.03389159,0.025751688,0.022791723,0.03231294,0.13482636,scarce_swallow
0.50243515,0.15227605,0.041482423,0.011804713,0.031716276,0.02972512,0.0057364265,0.00156448,0.67585534,0.053381953,0.0206701,0.008912795,0.0069690472,0.0031763685,0.0021333818,0.0056416094,0.49551347,0.055278294,0.031763684,0.021381227,0.021760494,0.024984272,0.037974197,0.088084966,scarce_swallow
0.6108106,0.228768,0.0025476436,0.00020797091,0.00083188363,0.003951447,0.0018717381,0.0028596,0.5336534,0.11656769,0.09956607,0.045441642,0.024696546,0.013362131,0.0061871344,0.012374269,0.4898235,0.058075875,0.060883485,0.059583664,0.03202752,0.03675886,0.10034596,0.014349992,scarce_swallow
0.73466146,0.03470236,0.0013938622,0.00019225685,0.00067289895,0.00048064213,0.0015380548,0.013842493,0.46016675,0.17072408,0.09372521,0.03662493,0.015188291,0.0049025496,0.0016822474,0.0044699716,0.43363532,0.03412559,0.053447403,0.048256468,0.039556846,0.037874598,0.058109634,0.08247819,scarce_swallow
0.51436746,0.03638421,0.03080072,0.021693226,0.06988514,0.071578495,0.003661304,0.0014645216,0.66795915,0.03935902,0.015652075,0.007871804,0.0067734127,0.0041647335,0.0017391194,0.0063157496,0.5159235,0.028649705,0.03180758,0.031121084,0.022974683,0.02659022,0.04887841,0.043889884,scarce_swallow
0.64709836,0.09539617,0.0056916634,0.005107903,0.02782591,0.010848213,0.0028215083,0.0022377481,0.5509238,0.082991265,0.0794887,0.040376756,0.022718007,0.007248358,0.004037676,0.009242873,0.48719665,0.061343484,0.05331678,0.03765254,0.044414435,0.039209235,0.05356001,0.020334318,scarce_swallow
0.5785169,0.00063740613,0.00010623436,0.0,0.00042493743,0.00031870307,7.0822905e-05,0.00010623436,0.57660466,0.00063740613,0.00049576035,0.00021246872,0.00063740613,0.00056658324,0.00017705726,0.00084987486,0.5769234,0.0008852863,0.0006019947,0.000389526,0.00028329162,0.00046034888,0.00024788018,0.000389526,scarce_swallow
0.5004341,0.086741276,0.017367499,0.0062061143,0.05431553,0.084287696,0.028961867,0.00991054,0.6992703,0.052150603,0.017608045,0.0063023334,0.005821239,0.0018762671,0.0012027354,0.0039930814,0.4717128,0.06494771,0.056913435,0.034638777,0.026652616,0.025161223,0.065043926,0.043154143,scarce_swallow
0.698995,0.03885613,0.0010152434,0.00027688453,0.0053992486,0.0044301525,0.0018920443,0.0052146586,0.51191336,0.14171873,0.08795699,0.009875548,0.0019843392,9.2294846e-05,0.0,0.0025381083,0.45353687,0.043747757,0.07180539,0.044716854,0.03424139,0.036825642,0.036779497,0.034425978,scarce_swallow
0.5872859,0.15324527,0.0031945389,0.0005092743,0.004676064,0.0049075526,0.0026389668,0.002083395,0.6166386,0.080557935,0.027084133,0.01268556,0.008194687,0.0039353017,0.0014352276,0.008009496,0.48172718,0.043519802,0.049955178,0.03865855,0.027639706,0.028102683,0.056992423,0.03194539,scarce_swallow
0.6686985,0.09534429,0.006728501,0.0013361563,0.0020042344,0.004294788,0.0016224755,0.0018133549,0.55159396,0.095582895,0.07234332,0.042279802,0.0109755695,0.0030063516,0.0014793158,0.0045811073,0.4518117,0.013552442,0.027677523,0.04729039,0.045095272,0.04633599,0.06184495,0.08823403,scarce_swallow
0.59998745,0.16602772,0.011537269,0.004555488,0.014260658,0.006486619,0.003466132,0.004951617,0.60058165,0.08571249,0.03792939,0.024659054,0.012527592,0.0072788773,0.009210008,0.0333739,0.46654138,0.04748601,0.05565618,0.046396654,0.025896959,0.022282278,0.032433093,0.11458042,scarce_swallow
0.5700594,0.26073056,0.009289313,0.0014170138,0.0029914738,0.008712011,0.0045134514,0.002151762,0.5180498,0.0778308,0.14810419,0.052534476,0.026136033,0.012018377,0.0064028036,0.018788554,0.5398298,0.04418984,0.054791205,0.05122243,0.041408293,0.034060813,0.03762959,0.05673304,scarce_swallow
0.6622,0.1944439,0.0009439024,0.0,0.00015731707,0.00057682925,0.0004719512,0.00036707317,0.4711646,0.047037803,0.09035244,0.06685975,0.05527073,0.04887317,0.04509756,0.03450488,0.5071902,0.07902561,0.07131707,0.060357317,0.031410974,0.039643902,0.056686584,0.013529268,scarce_swallow
0.521251,0.27705413,0.0051668617,0.00020065482,0.00050163706,0.0056183347,0.008828812,0.0032606407,0.610091,0.07855636,0.07624883,0.031352315,0.01259109,0.0045147333,0.0018560571,0.006671773,0.49817574,0.025633654,0.035265084,0.044344716,0.045699134,0.044846352,0.035164755,0.09275269,scarce_swallow
0.58200884,0.13666895,0.0022867834,4.4838893e-05,0.0005829056,0.0030938836,0.0027351724,0.0072190617,0.5991373,0.07784032,0.02874173,0.012330695,0.008205517,0.002959367,0.0006277445,0.0047977613,0.5186963,0.021567507,0.030131737,0.029503992,0.01860814,0.025289135,0.04331437,0.047529228,scarce_swallow
0.55914676,0.17725636,0.011437564,0.007659545,0.041920483,0.025204044,0.0125243915,0.0127831595,0.57550097,0.11266777,0.0696087,0.034364447,0.025359305,0.011385811,0.0049683535,0.014077002,0.53394276,0.07224814,0.047509883,0.036796868,0.024634752,0.022668114,0.032656573,0.077475265,scarce_swallow
0.4501442,0.25239053,0.082432725,0.041216362,0.034002174,0.0048271413,0.0019096384,0.002174866,0.69415355,0.08423627,0.03495699,0.017770246,0.015277107,0.0076385536,0.0039253677,0.011139558,0.4531678,0.06466248,0.061851066,0.041269407,0.048961006,0.078029945,0.09357228,0.027583666,scarce_swallow
0.6045941,0.04282488,0.0039245356,0.0011212958,0.013584931,0.022727806,0.008021578,0.009789776,0.56189865,0.044075552,0.034846425,0.01893265,0.015655017,0.011169832,0.006210254,0.013800565,0.55482584,0.04454995,0.026091693,0.019665806,0.015913777,0.012679269,0.022425918,0.010436677,scarce_swallow
0.52117634,0.065865725,0.035876583,0.023457766,0.09562489,0.010027044,0.0012418816,0.00032196933,0.6532757,0.061956096,0.022491857,0.007313303,0.00262175,0.0018858203,0.00096590794,0.0030817064,0.52136034,0.033622798,0.035600606,0.025573563,0.019456146,0.02350376,0.019824112,0.07465088,scarce_swallow
0.5366157,0.16347952,0.026218858,0.014121467,0.025654,0.0020711485,0.0023065063,0.0007531449,0.586794,0.12073854,0.03295009,0.0105911,0.009178953,0.0031067228,0.0017416476,0.0061193025,0.56198734,0.059404306,0.026736645,0.02240606,0.020617342,0.0120503185,0.028242934,0.039775465,scarce_swallow
0.57901603,0.26069468,0.013851552,0.0023790833,0.0039122705,0.0031192426,0.0013745815,0.0018503981,0.53021836,0.13825119,0.098071106,0.05064804,0.025271153,0.008406094,0.005075378,0.0102564925,0.50912386,0.03859402,0.039334178,0.051969755,0.059107006,0.10938497,0.053397205,0.005286852,scarce_swallow
0.6449411,0.10097895,0.012635003,0.011017723,0.018699804,0.003790501,0.011573663,0.024410827,0.5756002,0.1391872,0.07126142,0.024309747,0.0095520625,0.0026786206,0.0018699805,0.003588341,0.43484628,0.016930904,0.03659097,0.06560094,0.084250204,0.063882574,0.0936001,0.032345608,scarce_swallow
0.62110484,0.14428927,0.007591454,0.0012910636,0.014666482,0.033051226,0.014976338,0.00914073,0.5770538,0.16737348,0.051539257,0.019675808,0.011051504,0.005783965,0.003718263,0.009915369,0.447431,0.07488169,0.07007893,0.044929013,0.037440844,0.037492488,0.10514422,0.028713254,scarce_swallow
0.57369226,0.17365895,0.0068274583,0.0017184758,0.001904257,0.0013469135,0.0008360153,0.00097535114,0.5523739,0.061540015,0.078817666,0.03975717,0.01193644,0.0048767556,0.0026473817,0.009010387,0.5637065,0.030282332,0.03255815,0.031907916,0.028470965,0.036645338,0.025730692,0.011657769,scarce_swallow
0.6987283,0.022005,0.002924715,0.00013927215,0.0012534492,0.0051530693,0.01341655,0.016991202,0.47835338,0.08463104,0.09646917,0.0476775,0.024047656,0.014159335,0.0054316134,0.009841898,0.50012624,0.053759046,0.03579294,0.027854428,0.02465117,0.057008732,0.058122907,0.0032961073,scarce_swallow
0.6087833,0.019610994,0.0024338227,0.0013105199,0.033839494,0.027567722,0.03781786,0.035477646,0.58584917,0.059722263,0.04123457,0.026023181,0.021763992,0.011701071,0.0080503365,0.012496743,0.5146131,0.03374589,0.039877247,0.044978913,0.034635168,0.027333701,0.023402141,0.048255216,scarce_swallow
0.57225126,0.11343256,0.009096219,0.0055838176,0.02742375,0.00571891,0.002161478,0.002116447,0.6000803,0.039266847,0.031251367,0.020939317,0.015580653,0.011122605,0.0054937564,0.014049606,0.536812,0.041518386,0.02503712,0.022965703,0.020083731,0.017336853,0.0194533,0.054577317,scarce_swallow
0.55339456,0.08279646,0.00897624,0.004581623,0.041187853,0.050725106,0.013043599,0.011267051,0.64806587,0.06835033,0.022721108,0.009911265,0.0059374087,0.0037401002,0.0021505575,0.0050958865,0.4910284,0.051005613,0.0242639,0.022393849,0.0205238,0.021412073,0.035764705,0.09958016,scarce_swallow
0.5228833,0.15301302,0.044914268,0.021315247,0.083687715,0.004212299,0.0011672635,0.0003045035,0.6175839,0.10332819,0.061611213,0.025933549,0.011418882,0.003907795,0.0018270211,0.005887068,0.53029287,0.088661276,0.048822064,0.041666232,0.026948562,0.03024735,0.0348149,0.030044347,scarce_swallow
0.5019234,0.34944692,0.084689766,0.010281268,0.0031947442,0.0011617251,0.0009874664,0.0,0.49942565,0.23408762,0.10914408,0.043216176,0.026777765,0.016206065,0.007202696,0.015625203,0.5164449,0.11448801,0.07382763,0.046120487,0.035142187,0.03816267,0.08794259,0.03955674,scarce_swallow
0.5789512,0.005263518,0.0004654812,0.00017903122,0.0015038623,0.00025064373,3.5806246e-05,0.0,0.57687443,0.004225137,0.0022557934,0.00096676865,0.0012890248,0.0003222562,0.00010741874,0.0006087062,0.5761583,0.0018619248,0.0016470873,0.0013964436,0.0011099937,0.0011099937,0.0012532186,0.0021125686,scarce_swallow
0.57032216,0.17350659,0.0028406149,0.0006414292,0.0023366348,0.00082469464,0.00013744911,4.581637e-05,0.5493383,0.033033602,0.032896154,0.040180955,0.044075347,0.028177068,0.011087562,0.01186644,0.5750871,0.044212796,0.037661057,0.031063499,0.013928177,0.016631342,0.01754767,0.014523789,scarce_swallow
0.6761188,0.031162087,0.001970017,0.00062682363,0.0052384543,0.0059548244,0.0044773114,0.008014387,0.51963675,0.10826139,0.040206257,0.026102725,0.016073547,0.0081487065,0.0041191266,0.011014186,0.49707112,0.05704095,0.036713954,0.02717728,0.015401951,0.014551262,0.024043163,0.061563034,scarce_swallow
0.52541834,0.113391,0.031030046,0.016650269,0.022749431,0.008814848,0.006766954,0.0045855017,0.6653429,0.039266143,0.013266792,0.005253293,0.0024930884,0.0008013498,0.00031163605,0.002671166,0.50605243,0.022215199,0.024619248,0.028848594,0.024040494,0.022304237,0.034769677,0.06655656,scarce_swallow
0.5086229,0.20591147,0.014568724,0.0056428155,0.03221535,0.053709347,0.013029775,0.0067713787,0.64394784,0.13004126,0.036370512,0.012157703,0.0076947487,0.0023084246,0.0012824581,0.0066687823,0.48825744,0.074536465,0.062378764,0.03708869,0.023905018,0.019442065,0.035036754,0.09982654,scarce_swallow
0.5949321,0.034640726,0.0019093314,7.7931894e-05,0.0012079444,0.0017534676,0.0017924336,0.002104161,0.541237,0.026496844,0.03682282,0.008377679,0.012430137,0.0017534676,0.000779319,0.010520806,0.5899444,0.03721248,0.009156997,0.001480706,0.00046759137,7.7931894e-05,7.7931894e-05,0.0,scarce_swallow
0.49094248,0.13464808,0.024520732,0.011756515,0.0546558,0.059406392,0.008829383,0.0014395734,0.6861966,0.04841765,0.02615225,0.009837084,0.00681398,0.0035029617,0.0010077013,0.0042707343,0.49511725,0.0556635,0.04477073,0.02557642,0.022073457,0.024040874,0.045298573,0.07365817,scarce_swallow
0.52824336,0.17763627,0.014347351,0.0069228476,0.032758113,0.05021573,0.007374338,0.0044145696,0.62155133,0.1289255,0.038928475,0.013594868,0.0087789735,0.0034112583,0.0013043047,0.0054178806,0.51384586,0.06983046,0.049162254,0.030500662,0.022373842,0.019765232,0.03842682,0.07800745,scarce_swallow
0.4571396,0.13136375,0.07384322,0.044170346,0.11963019,0.021798352,0.0051627676,0.0013037291,0.7086029,0.08552463,0.027795507,0.012620099,0.008604612,0.0028682041,0.0015123258,0.00688369,0.46496198,0.05449588,0.054026537,0.04198008,0.026856821,0.04005056,0.07942318,0.09261692,scarce_swallow
0.6075246,0.040492177,0.021050256,0.016319862,0.051939733,0.022090944,0.0075213276,0.008088975,0.58368343,0.085383624,0.054115716,0.024030406,0.011967898,0.007000984,0.0022232856,0.0066225524,0.5125856,0.029990703,0.0251657,0.027814722,0.036849774,0.04659439,0.0611167,0.034910314,scarce_swallow
0.5582146,0.11192379,0.0048514493,0.0009788012,0.005787694,0.004808893,0.004894006,0.005787694,0.62451774,0.044897184,0.014384122,0.006298373,0.0038300916,0.000595792,0.000297896,0.0024257246,0.52689296,0.02957682,0.0236189,0.018980231,0.012469077,0.0107668135,0.015831046,0.05911108,scarce_swallow
0.52354574,0.13802394,0.07142329,0.027874857,0.021846557,0.005594262,0.0014950183,0.0003375848,0.60022575,0.109907955,0.04084776,0.014371466,0.0095006,0.0060282997,0.0028453574,0.006414111,0.56203043,0.059656054,0.03038263,0.027344367,0.018567163,0.011815467,0.015287768,0.06505741,scarce_swallow
0.5436859,0.061171632,0.054655805,0.027006397,0.014617749,0.0010716824,0.0001286019,0.0,0.6237621,0.025934715,0.015903767,0.010545355,0.008144787,0.0060014217,0.004029526,0.008016185,0.5500303,0.026063317,0.02983564,0.018818744,0.017104052,0.028463885,0.029449834,0.0025720377,scarce_swallow
0.53864247,0.22156817,0.013232473,0.0045960117,0.018737586,0.0069192704,0.011666799,0.01212135,0.6042998,0.1275772,0.054798603,0.017626463,0.009444552,0.004444495,0.0019697193,0.0073233154,0.5090462,0.05989967,0.049647026,0.03555596,0.037323654,0.06863714,0.042071186,0.025303317,scarce_swallow
0.62748617,0.03326524,0.0008853866,8.4322535e-05,0.002023741,0.0125218965,0.004384772,0.010118704,0.5971722,0.04819033,0.021839537,0.009865737,0.006155545,0.002361031,0.00096970913,0.0042161266,0.4883118,0.034108464,0.031747434,0.023652472,0.025676211,0.043004494,0.03988456,0.004384772,scarce_swallow
0.45014837,0.36195308,0.0462508,0.013254462,0.01929447,0.011968164,0.009954828,0.003467412,0.62765753,0.14026241,0.06308453,0.03338782,0.018847061,0.0111852,0.006319638,0.015547428,0.44707245,0.08176381,0.062133785,0.042839315,0.03562486,0.04026672,0.042280056,0.16431059,scarce_swallow
0.5159434,0.19890645,0.03339342,0.0115824025,0.032942157,0.013086611,0.007821882,0.007821882,0.6818074,0.07897093,0.036151137,0.012284366,0.00556557,0.0015543484,0.0007521041,0.0044123437,0.443591,0.07019638,0.05721005,0.0366024,0.03163851,0.041466005,0.07571181,0.06508207,scarce_swallow
0.65988207,0.1244495,0.0013265442,0.0001473938,0.0042744204,0.0042744204,0.0019161195,0.008696235,0.51479745,0.066622,0.0784135,0.047067754,0.028053954,0.023779534,0.019799901,0.026432622,0.5028585,0.051882617,0.055960514,0.038469784,0.024123453,0.02092992,0.029233104,0.08150877,scarce_swallow
0.5974063,0.009305394,0.0007262747,0.00036313734,0.0020880396,0.013163729,0.04834266,0.072309725,0.5867392,0.039536577,0.026735988,0.026282065,0.023785496,0.0152971605,0.008533727,0.016795103,0.52800167,0.042033147,0.027598437,0.01988177,0.011756571,0.021061966,0.035769027,0.05760266,scarce_swallow
0.48900098,0.21411508,0.04491757,0.0129228085,0.023347527,0.0015853259,0.0011529643,4.804018e-05,0.68255484,0.06389344,0.021522,0.006917786,0.0052844197,0.0024980893,0.00057648215,0.0038432144,0.4744448,0.020320997,0.049049024,0.05082651,0.0315624,0.03492521,0.086712524,0.039248828,scarce_swallow
0.5983562,0.09553158,0.0005092755,0.0,0.00025463774,0.00046683583,0.00016975848,4.243962e-05,0.556341,0.013623118,0.055298824,0.026227685,0.017018288,0.009676234,0.0063235033,0.010822103,0.56168836,0.02240812,0.025421333,0.02576085,0.029622855,0.02571841,0.0025463772,0.0021644207,scarce_swallow
0.57682866,0.004061672,0.0007482027,0.00028502962,0.0009976036,0.0007482027,7.1257404e-05,0.0,0.57665056,0.0018170638,0.0018170638,0.0010332323,0.00081946014,0.0004275444,0.00028502962,0.00089071755,0.57853884,0.0023158656,0.00096197496,0.00089071755,0.0001068861,0.00017814351,0.0001068861,0.00064131664,scarce_swallow
0.61015135,0.110234946,0.0028602972,0.0007264247,0.0050395713,0.0071734437,0.0037229266,0.003949934,0.570198,0.10165405,0.039226934,0.0155727295,0.006946436,0.002678691,0.0020430693,0.0055389884,0.5186218,0.056116305,0.024471432,0.018296821,0.018296821,0.020339891,0.028512169,0.05920361,scarce_swallow
0.578742,0.0006032999,7.097646e-05,0.000106464686,0.00039037052,0.0010646469,0.00021292937,0.0002484176,0.575903,0.00031939405,0.00092269393,0.00031939405,0.00092269393,0.00095818215,0.0008872057,0.0012065998,0.5773935,0.0014550174,0.0004968352,0.00070976454,0.00031939405,0.00053232344,0.00028390583,0.0002484176,scarce_swallow
0.5558565,0.15159287,0.040460046,0.0051958202,0.0028865668,0.018810794,0.009477561,0.0039449744,0.60127187,0.05037059,0.034446362,0.038102683,0.030693827,0.014240396,0.006879651,0.0122198,0.5371901,0.028047808,0.037765916,0.036899947,0.047099147,0.03300308,0.027614823,0.04060437,scarce_swallow
0.551351,0.034207907,0.004710447,0.000274395,0.0023323572,0.08455939,0.046967275,0.024878478,0.6206357,0.051997848,0.03150969,0.017835673,0.012622169,0.006356817,0.0031098097,0.0052135047,0.53625923,0.049025238,0.038049437,0.02711937,0.018796057,0.014817329,0.016189303,0.049025238,scarce_swallow
0.59468096,0.0814545,0.0031571512,8.4190695e-05,0.0017259093,0.0045462977,0.0031150556,0.0009260976,0.55864733,0.06596341,0.033171132,0.008082307,0.009724026,0.0027782929,0.0014312419,0.009892407,0.5615519,0.067647226,0.04260049,0.0108606,0.003409723,0.0028624837,0.0004630488,0.00029466744,scarce_swallow
0.5780558,0.0004943968,0.0,0.0,0.0,0.0,3.5314057e-05,0.0,0.5768904,0.00028251245,0.00010594217,0.00010594217,0.0004943968,0.00042376868,7.062811e-05,0.00021188434,0.5771023,0.0009181655,0.00031782652,0.00014125623,7.062811e-05,0.0,0.0,3.5314057e-05,scarce_swallow
0.5834143,0.11199388,0.008593359,0.0028955883,0.015318596,0.011629056,0.00845325,0.022884488,0.6089142,0.051326636,0.03012346,0.021857021,0.020689445,0.013263662,0.007799407,0.011208729,0.50560707,0.040211316,0.031384442,0.024986126,0.019428464,0.021903723,0.020035602,0.10162581,scarce_swallow
0.54444087,0.14976037,0.010215874,0.0023040054,0.0034777443,0.0009998515,0.00039124623,0.000652077,0.6031278,0.053731147,0.02556142,0.012215576,0.008781304,0.0035212159,0.0016519285,0.0036516313,0.5559609,0.037994355,0.02051869,0.016997475,0.016780116,0.02751765,0.034429666,0.0020431748,scarce_swallow
0.5237644,0.18691084,0.029919535,0.0131606525,0.027060667,0.012026963,0.0066542625,0.0080836965,0.67341137,0.07768235,0.033419184,0.010893274,0.004978374,0.0015280158,0.0011336892,0.0045347568,0.45677814,0.06476816,0.053184807,0.035538692,0.028490102,0.037362453,0.07270398,0.05875467,scarce_swallow
0.59678817,0.04852153,0.0022216819,0.00044433636,0.011419444,0.031192413,0.021417012,0.01599611,0.623004,0.06536188,0.020306172,0.0067983465,0.0061762757,0.0023105491,0.00079980545,0.0032436554,0.485082,0.07078278,0.04803276,0.047588423,0.029859403,0.024882836,0.018395526,0.0033769563,scarce_swallow
0.6048338,0.116902925,0.0027543756,0.00094822765,0.00329622,0.0064569786,0.0026189145,0.0019867627,0.5486174,0.091481395,0.037432417,0.020093396,0.016074717,0.008217973,0.005192675,0.012688189,0.5496108,0.032149434,0.027904985,0.022170465,0.016345639,0.014810413,0.016526254,0.060280185,scarce_swallow
0.59165895,0.09962067,0.01783305,0.010319633,0.01633942,0.004616678,0.0007694464,0.00040735395,0.5767227,0.08237602,0.05028558,0.014528957,0.005929263,0.0031230468,0.001810462,0.0067892326,0.5393366,0.028560039,0.02014139,0.020684527,0.029329484,0.038653363,0.038834408,0.02602539,scarce_swallow
0.59856725,0.029716413,0.0013984195,0.00034960487,0.009483032,0.020408185,0.02665737,0.02941051,0.62863326,0.046191543,0.024341239,0.0071231993,0.005156672,0.0011362159,0.0003933055,0.003015342,0.4803571,0.041034874,0.028274294,0.035790797,0.047109257,0.05947653,0.022112507,0.0018354256,scarce_swallow
0.62282336,0.056426212,0.0039142505,0.00050834427,0.0030500654,0.04920772,0.04331093,0.05363032,0.5703622,0.12296847,0.07081235,0.033601552,0.018554565,0.0069134817,0.0018808737,0.0077776667,0.4848079,0.02114712,0.04712351,0.05413866,0.04620849,0.041785896,0.0872827,0.050376914,scarce_swallow
0.56657904,0.15916656,0.0013918655,0.0006285844,0.0050286753,0.0019306522,0.00053878664,0.0003591911,0.5968409,0.056662396,0.031384323,0.020653488,0.01252679,0.0052980687,0.0029184276,0.009338968,0.53290486,0.017869757,0.016432993,0.019441217,0.023616815,0.022449443,0.027074028,0.07583422,scarce_swallow
0.5687927,0.11455098,0.007175945,0.0038741298,0.008364598,0.0029496218,0.005018759,0.010565809,0.63298,0.058596216,0.018181996,0.0052388804,0.0031257186,0.00061633886,8.804841e-05,0.0024653554,0.50051117,0.049923446,0.034162782,0.019414674,0.015628593,0.020339182,0.047281995,0.03403071,scarce_swallow
0.5335541,0.16104941,0.022205442,0.005323551,0.014483895,0.020910524,0.019951327,0.008297066,0.65110385,0.08853401,0.024267718,0.006474589,0.0061388696,0.0025418757,0.0021102363,0.0046041524,0.4909657,0.060621336,0.04134145,0.026186116,0.02350036,0.04162921,0.069685765,0.031845387,scarce_swallow
0.61991715,0.13366225,0.015393545,0.008853803,0.028372416,0.010413281,0.0040244563,0.0035717047,0.51985914,0.19926089,0.059008587,0.019719835,0.011268477,0.0058857673,0.0027668136,0.00643913,0.51568377,0.07349663,0.03777958,0.033453293,0.027114773,0.026712328,0.079130866,0.030837394,scarce_swallow
0.51354617,0.2153777,0.02152841,0.003088859,0.0069733327,0.0044460846,0.0011700223,0.0006552125,0.6308292,0.087049656,0.02260483,0.0068329303,0.0072073373,0.003369664,0.0020592392,0.0068329303,0.5222511,0.034258254,0.029063353,0.022464428,0.01951597,0.025132079,0.070341736,0.043758832,scarce_swallow
0.5748641,0.19157317,0.014695629,0.00091546535,0.001493654,0.0038064087,0.0012045597,0.000867283,0.5696122,0.06090254,0.053386085,0.037244987,0.026114855,0.016189283,0.008383735,0.017586572,0.5379082,0.027174868,0.033968583,0.0407623,0.02804215,0.027704874,0.044761438,0.049097855,scarce_swallow
0.55025357,0.2592761,0.005508772,0.001039391,0.0023905993,0.0017669647,0.0002078782,0.031025821,0.55181265,0.13189872,0.085334,0.046980474,0.017201921,0.0061843763,0.0023905993,0.009666336,0.5306091,0.053320758,0.05856968,0.05794605,0.03798974,0.027595831,0.034195963,0.051241975,scarce_swallow
0.67962635,0.08696262,0.00059905363,9.984227e-05,0.0020467665,0.013977918,0.011282177,0.02331317,0.5516785,0.14002879,0.07263525,0.029553311,0.011581703,0.004093533,0.0016473974,0.006689432,0.41898808,0.05186806,0.058257964,0.04807405,0.038638957,0.052916404,0.07622957,0.07293478,scarce_swallow
0.6450031,0.089805655,0.0071166744,0.0017912718,0.009295248,0.019123036,0.01161906,0.009440486,0.54188395,0.06768103,0.06540563,0.042457983,0.03127464,0.01689605,0.00808493,0.01951034,0.5038315,0.04434608,0.035922263,0.03025797,0.020527007,0.025126219,0.041828617,0.09135486,scarce_swallow
